transaction_id,machine_id,product_id,topping_id,sale_timestamp,quantity,product_price,topping_price,total_price
1,M003,P002,T03,2026-05-01 20:07:00,1,40.0,0.0,40.0
2,M003,P001,T03,2026-05-24 03:43:00,1,50.0,0.0,50.0
3,M003,P003,T02,2026-05-17 06:14:00,1,45.0,10.0,55.0
4,M002,P005,T03,2026-05-15 13:14:00,1,30.0,0.0,30.0
5,M002,P001,T01,2026-05-14 05:44:00,1,50.0,15.0,65.0
6,M002,P001,T03,2026-05-04 02:24:00,1,50.0,0.0,50.0
7,M003,P003,T03,2026-05-04 14:34:00,1,45.0,0.0,45.0
8,M002,P004,T03,2026-05-12 19:56:00,1,35.0,0.0,35.0
9,M003,P005,T03,2026-05-10 07:49:00,1,30.0,0.0,30.0
10,M003,P003,T03,2026-05-15 12:17:00,1,45.0,0.0,45.0
11,M003,P004,T03,2026-05-22 08:44:00,1,35.0,0.0,35.0
12,M002,P001,T01,2026-05-06 23:15:00,1,50.0,15.0,65.0
13,M003,P004,T03,2026-05-11 07:43:00,1,35.0,0.0,35.0
14,M002,P001,T01,2026-05-11 01:51:00,1,50.0,15.0,65.0
15,M003,P003,T02,2026-05-07 22:20:00,1,45.0,10.0,55.0
16,M003,P003,T02,2026-05-08 08:08:00,1,45.0,10.0,55.0
17,M001,P005,T03,2026-05-12 18:25:00,1,30.0,0.0,30.0
18,M003,P001,T03,2026-05-02 02:48:00,1,50.0,0.0,50.0
19,M002,P005,T03,2026-05-13 19:04:00,1,30.0,0.0,30.0
20,M003,P001,T01,2026-05-01 17:55:00,1,50.0,15.0,65.0
21,M002,P001,T03,2026-05-04 20:21:00,1,50.0,0.0,50.0
22,M003,P002,T03,2026-05-17 23:16:00,1,40.0,0.0,40.0
23,M002,P001,T03,2026-05-21 20:19:00,1,50.0,0.0,50.0
24,M002,P003,T03,2026-05-01 16:58:00,1,45.0,0.0,45.0
25,M001,P003,T03,2026-05-02 09:15:00,1,45.0,0.0,45.0
26,M003,P001,T03,2026-05-18 02:48:00,1,50.0,0.0,50.0
27,M002,P002,T03,2026-05-20 08:33:00,1,40.0,0.0,40.0
28,M003,P001,T01,2026-05-07 23:44:00,1,50.0,15.0,65.0
29,M001,P001,T03,2026-05-04 16:28:00,1,50.0,0.0,50.0
30,M001,P004,T03,2026-05-01 18:14:00,1,35.0,0.0,35.0
31,M001,P001,T01,2026-05-11 01:55:00,1,50.0,15.0,65.0
32,M002,P001,T03,2026-05-19 04:46:00,1,50.0,0.0,50.0
33,M002,P001,T03,2026-05-22 03:06:00,1,50.0,0.0,50.0
34,M001,P003,T03,2026-05-21 21:41:00,1,45.0,0.0,45.0
35,M002,P001,T03,2026-05-07 07:12:00,1,50.0,0.0,50.0
36,M001,P002,T03,2026-05-18 02:28:00,1,40.0,0.0,40.0
37,M003,P001,T03,2026-05-25 00:05:00,1,50.0,0.0,50.0
38,M001,P001,T03,2026-05-02 12:57:00,2,50.0,0.0,100.0
39,M003,P004,T03,2026-05-14 14:18:00,1,35.0,0.0,35.0
40,M001,P002,T03,2026-05-16 21:45:00,2,40.0,0.0,80.0
41,M001,P002,T03,2026-05-18 18:47:00,1,40.0,0.0,40.0
42,M001,P005,T03,2026-05-17 15:32:00,1,30.0,0.0,30.0
43,M001,P005,T03,2026-05-20 05:04:00,1,30.0,0.0,30.0
44,M002,P004,T03,2026-05-19 18:15:00,1,35.0,0.0,35.0
45,M002,P002,T03,2026-05-17 18:36:00,1,40.0,0.0,40.0
46,M002,P004,T03,2026-05-09 10:15:00,1,35.0,0.0,35.0
47,M003,P001,T01,2026-05-25 10:59:00,1,50.0,15.0,65.0
48,M002,P001,T01,2026-05-18 03:04:00,1,50.0,15.0,65.0
49,M001,P005,T03,2026-05-10 07:23:00,1,30.0,0.0,30.0
50,M002,P004,T03,2026-05-21 19:51:00,1,35.0,0.0,35.0
51,M002,P005,T03,2026-05-05 21:06:00,1,30.0,0.0,30.0
52,M002,P002,T03,2026-05-10 04:17:00,1,40.0,0.0,40.0
53,M002,P002,T03,2026-05-09 20:54:00,2,40.0,0.0,80.0
54,M002,P001,T03,2026-05-21 01:05:00,1,50.0,0.0,50.0
55,M003,P003,T03,2026-05-06 20:16:00,1,45.0,0.0,45.0
56,M003,P002,T03,2026-05-23 02:56:00,1,40.0,0.0,40.0
57,M002,P001,T03,2026-05-05 18:35:00,2,50.0,0.0,100.0
58,M002,P001,T03,2026-05-12 01:57:00,1,50.0,0.0,50.0
59,M001,P005,T03,2026-05-24 13:39:00,1,30.0,0.0,30.0
60,M001,P004,T03,2026-05-14 05:56:00,1,35.0,0.0,35.0
61,M003,P005,T03,2026-05-22 13:51:00,1,30.0,0.0,30.0
62,M003,P005,T03,2026-05-13 22:06:00,1,30.0,0.0,30.0
63,M003,P005,T03,2026-05-10 14:22:00,1,30.0,0.0,30.0
64,M002,P005,T03,2026-05-13 21:12:00,2,30.0,0.0,60.0
65,M002,P004,T03,2026-05-21 08:22:00,1,35.0,0.0,35.0
66,M003,P002,T03,2026-05-04 10:01:00,1,40.0,0.0,40.0
67,M002,P002,T03,2026-05-04 08:02:00,1,40.0,0.0,40.0
68,M001,P005,T03,2026-05-17 13:38:00,1,30.0,0.0,30.0
69,M001,P005,T03,2026-05-14 01:45:00,1,30.0,0.0,30.0
70,M002,P001,T03,2026-05-24 23:47:00,1,50.0,0.0,50.0
71,M003,P001,T01,2026-05-11 10:39:00,1,50.0,15.0,65.0
72,M002,P002,T03,2026-05-11 21:26:00,1,40.0,0.0,40.0
73,M003,P005,T03,2026-05-13 13:42:00,1,30.0,0.0,30.0
74,M003,P002,T03,2026-05-18 09:25:00,1,40.0,0.0,40.0
75,M002,P003,T02,2026-05-21 18:38:00,1,45.0,10.0,55.0
76,M001,P002,T03,2026-05-22 23:10:00,1,40.0,0.0,40.0
77,M001,P002,T03,2026-05-25 10:05:00,1,40.0,0.0,40.0
78,M002,P001,T01,2026-05-02 04:01:00,1,50.0,15.0,65.0
79,M002,P004,T03,2026-05-21 13:56:00,1,35.0,0.0,35.0
80,M003,P001,T01,2026-05-05 12:15:00,1,50.0,15.0,65.0
81,M002,P003,T02,2026-05-14 03:49:00,1,45.0,10.0,55.0
82,M002,P005,T03,2026-05-04 17:15:00,1,30.0,0.0,30.0
83,M003,P005,T03,2026-05-11 17:38:00,1,30.0,0.0,30.0
84,M002,P005,T03,2026-05-17 23:57:00,1,30.0,0.0,30.0
85,M002,P004,T03,2026-05-16 05:47:00,1,35.0,0.0,35.0
86,M002,P004,T03,2026-05-25 08:49:00,1,35.0,0.0,35.0
87,M002,P001,T01,2026-05-10 02:45:00,1,50.0,15.0,65.0
88,M002,P002,T03,2026-05-13 04:14:00,1,40.0,0.0,40.0
89,M002,P001,T01,2026-05-18 13:21:00,1,50.0,15.0,65.0
90,M003,P004,T03,2026-05-01 18:44:00,1,35.0,0.0,35.0
91,M003,P004,T03,2026-05-10 00:22:00,2,35.0,0.0,70.0
92,M003,P004,T03,2026-05-24 13:34:00,1,35.0,0.0,35.0
93,M002,P001,T03,2026-05-09 15:14:00,1,50.0,0.0,50.0
94,M003,P005,T03,2026-05-06 12:46:00,2,30.0,0.0,60.0
95,M002,P004,T03,2026-05-13 17:01:00,1,35.0,0.0,35.0
96,M001,P002,T03,2026-05-15 13:08:00,1,40.0,0.0,40.0
97,M003,P003,T02,2026-05-11 14:20:00,1,45.0,10.0,55.0
98,M002,P004,T03,2026-05-03 08:53:00,1,35.0,0.0,35.0
99,M001,P005,T03,2026-05-21 11:14:00,1,30.0,0.0,30.0
100,M003,P002,T03,2026-05-07 00:15:00,1,40.0,0.0,40.0
101,M002,P002,T03,2026-05-04 15:42:00,1,40.0,0.0,40.0
102,M003,P004,T03,2026-05-20 11:10:00,1,35.0,0.0,35.0
103,M002,P005,T03,2026-05-04 05:19:00,1,30.0,0.0,30.0
104,M001,P003,T02,2026-05-23 12:25:00,1,45.0,10.0,55.0
105,M003,P004,T03,2026-05-10 22:49:00,1,35.0,0.0,35.0
106,M002,P003,T03,2026-05-02 18:50:00,1,45.0,0.0,45.0
107,M003,P001,T01,2026-05-14 10:00:00,1,50.0,15.0,65.0
108,M002,P004,T03,2026-05-05 14:45:00,2,35.0,0.0,70.0
109,M003,P003,T02,2026-05-18 08:39:00,1,45.0,10.0,55.0
110,M003,P001,T01,2026-05-08 10:54:00,1,50.0,15.0,65.0
111,M003,P002,T03,2026-05-20 14:36:00,1,40.0,0.0,40.0
112,M001,P004,T03,2026-05-16 10:11:00,1,35.0,0.0,35.0
113,M002,P003,T03,2026-05-09 19:44:00,1,45.0,0.0,45.0
114,M003,P004,T03,2026-05-18 13:31:00,1,35.0,0.0,35.0
115,M001,P002,T03,2026-05-01 15:28:00,1,40.0,0.0,40.0
116,M002,P003,T03,2026-05-19 09:42:00,2,45.0,0.0,90.0
117,M003,P002,T03,2026-05-12 17:21:00,1,40.0,0.0,40.0
118,M002,P002,T03,2026-05-07 03:46:00,2,40.0,0.0,80.0
119,M001,P003,T02,2026-05-07 22:11:00,2,45.0,10.0,110.0
120,M003,P005,T03,2026-05-10 16:38:00,1,30.0,0.0,30.0
121,M001,P003,T03,2026-05-10 11:11:00,2,45.0,0.0,90.0
122,M003,P004,T03,2026-05-23 17:18:00,1,35.0,0.0,35.0
123,M002,P001,T03,2026-05-01 03:55:00,1,50.0,0.0,50.0
124,M002,P001,T03,2026-05-16 01:16:00,1,50.0,0.0,50.0
125,M001,P003,T03,2026-05-05 21:03:00,2,45.0,0.0,90.0
126,M002,P002,T03,2026-05-25 03:35:00,1,40.0,0.0,40.0
127,M003,P002,T03,2026-05-15 16:24:00,1,40.0,0.0,40.0
128,M003,P004,T03,2026-05-19 13:19:00,1,35.0,0.0,35.0
129,M002,P001,T03,2026-05-07 06:40:00,1,50.0,0.0,50.0
130,M002,P003,T03,2026-05-14 05:00:00,1,45.0,0.0,45.0
131,M003,P001,T03,2026-05-23 22:18:00,1,50.0,0.0,50.0
132,M003,P001,T03,2026-05-22 20:37:00,1,50.0,0.0,50.0
133,M003,P001,T03,2026-05-09 04:58:00,1,50.0,0.0,50.0
134,M003,P001,T03,2026-05-19 23:52:00,1,50.0,0.0,50.0
135,M002,P003,T03,2026-05-17 12:17:00,1,45.0,0.0,45.0
136,M002,P001,T01,2026-05-20 23:20:00,1,50.0,15.0,65.0
137,M003,P004,T03,2026-05-01 18:37:00,1,35.0,0.0,35.0
138,M002,P002,T03,2026-05-25 01:48:00,1,40.0,0.0,40.0
139,M002,P005,T03,2026-05-19 08:11:00,2,30.0,0.0,60.0
140,M002,P004,T03,2026-05-14 15:22:00,1,35.0,0.0,35.0
141,M002,P004,T03,2026-05-23 10:26:00,1,35.0,0.0,35.0
142,M001,P002,T03,2026-05-15 17:02:00,1,40.0,0.0,40.0
143,M003,P001,T01,2026-05-17 12:55:00,1,50.0,15.0,65.0
144,M002,P003,T02,2026-05-17 01:12:00,1,45.0,10.0,55.0
145,M001,P002,T03,2026-05-18 06:17:00,1,40.0,0.0,40.0
146,M003,P004,T03,2026-05-01 15:07:00,1,35.0,0.0,35.0
147,M001,P003,T03,2026-05-18 05:19:00,1,45.0,0.0,45.0
148,M002,P001,T01,2026-05-04 03:29:00,1,50.0,15.0,65.0
149,M003,P005,T03,2026-05-14 22:17:00,1,30.0,0.0,30.0
150,M001,P003,T02,2026-05-13 17:09:00,1,45.0,10.0,55.0
151,M003,P001,T01,2026-05-25 02:17:00,1,50.0,15.0,65.0
152,M002,P002,T03,2026-05-24 00:18:00,2,40.0,0.0,80.0
153,M002,P003,T03,2026-05-05 15:55:00,1,45.0,0.0,45.0
154,M003,P005,T03,2026-05-11 12:29:00,1,30.0,0.0,30.0
155,M002,P002,T03,2026-05-25 12:14:00,1,40.0,0.0,40.0
156,M003,P004,T03,2026-05-22 12:24:00,1,35.0,0.0,35.0
157,M003,P001,T03,2026-05-17 01:08:00,1,50.0,0.0,50.0
158,M001,P001,T01,2026-05-15 03:33:00,2,50.0,15.0,130.0
159,M002,P002,T03,2026-05-09 02:30:00,1,40.0,0.0,40.0
160,M003,P003,T03,2026-05-22 10:54:00,1,45.0,0.0,45.0
161,M001,P001,T01,2026-05-18 15:55:00,2,50.0,15.0,130.0
162,M002,P001,T01,2026-05-03 07:47:00,1,50.0,15.0,65.0
163,M002,P001,T03,2026-05-23 14:10:00,1,50.0,0.0,50.0
164,M001,P003,T03,2026-05-14 11:23:00,1,45.0,0.0,45.0
165,M003,P003,T02,2026-05-03 05:11:00,1,45.0,10.0,55.0
166,M002,P002,T03,2026-05-08 18:09:00,1,40.0,0.0,40.0
167,M003,P002,T03,2026-05-15 00:57:00,1,40.0,0.0,40.0
168,M002,P005,T03,2026-05-19 14:22:00,1,30.0,0.0,30.0
169,M001,P003,T03,2026-05-10 14:54:00,1,45.0,0.0,45.0
170,M002,P004,T03,2026-05-19 18:22:00,1,35.0,0.0,35.0
171,M001,P005,T03,2026-05-09 21:25:00,1,30.0,0.0,30.0
172,M003,P003,T02,2026-05-20 01:58:00,1,45.0,10.0,55.0
173,M001,P001,T03,2026-05-12 07:38:00,1,50.0,0.0,50.0
174,M003,P005,T03,2026-05-05 21:43:00,1,30.0,0.0,30.0
175,M001,P003,T03,2026-05-15 09:50:00,2,45.0,0.0,90.0
176,M001,P001,T01,2026-05-14 10:47:00,2,50.0,15.0,130.0
177,M003,P002,T03,2026-05-09 16:32:00,1,40.0,0.0,40.0
178,M003,P002,T03,2026-05-10 15:51:00,1,40.0,0.0,40.0
179,M003,P004,T03,2026-05-25 02:09:00,1,35.0,0.0,35.0
180,M002,P004,T03,2026-05-18 12:54:00,1,35.0,0.0,35.0
181,M002,P004,T03,2026-05-15 17:07:00,1,35.0,0.0,35.0
182,M003,P001,T03,2026-05-21 12:52:00,1,50.0,0.0,50.0
183,M001,P001,T01,2026-05-20 17:20:00,2,50.0,15.0,130.0
184,M001,P001,T03,2026-05-14 09:41:00,2,50.0,0.0,100.0
185,M003,P001,T03,2026-05-08 03:06:00,1,50.0,0.0,50.0
186,M002,P002,T03,2026-05-18 23:44:00,1,40.0,0.0,40.0
187,M003,P004,T03,2026-05-04 13:41:00,2,35.0,0.0,70.0
188,M002,P003,T02,2026-05-23 08:02:00,1,45.0,10.0,55.0
189,M002,P005,T03,2026-05-12 03:43:00,1,30.0,0.0,30.0
190,M003,P005,T03,2026-05-07 12:17:00,1,30.0,0.0,30.0
191,M002,P002,T03,2026-05-07 02:42:00,1,40.0,0.0,40.0
192,M003,P002,T03,2026-05-05 10:15:00,1,40.0,0.0,40.0
193,M001,P005,T03,2026-05-19 17:13:00,1,30.0,0.0,30.0
194,M001,P004,T03,2026-05-20 04:50:00,1,35.0,0.0,35.0
195,M003,P001,T01,2026-05-09 04:34:00,1,50.0,15.0,65.0
196,M002,P001,T03,2026-05-08 11:50:00,1,50.0,0.0,50.0
197,M003,P003,T02,2026-05-04 13:33:00,1,45.0,10.0,55.0
198,M002,P002,T03,2026-05-17 03:28:00,1,40.0,0.0,40.0
199,M002,P005,T03,2026-05-10 21:33:00,1,30.0,0.0,30.0
200,M002,P001,T01,2026-05-13 15:54:00,1,50.0,15.0,65.0
201,M002,P001,T01,2026-05-20 02:20:00,1,50.0,15.0,65.0
202,M003,P003,T03,2026-05-13 22:20:00,1,45.0,0.0,45.0
203,M002,P002,T03,2026-05-23 03:50:00,1,40.0,0.0,40.0
204,M002,P005,T03,2026-05-07 17:46:00,1,30.0,0.0,30.0
205,M003,P002,T03,2026-05-14 14:25:00,1,40.0,0.0,40.0
206,M003,P003,T03,2026-05-05 08:23:00,1,45.0,0.0,45.0
207,M003,P005,T03,2026-05-24 13:06:00,1,30.0,0.0,30.0
208,M002,P001,T03,2026-05-18 18:35:00,1,50.0,0.0,50.0
209,M001,P002,T03,2026-05-24 13:55:00,1,40.0,0.0,40.0
210,M002,P002,T03,2026-05-17 03:36:00,1,40.0,0.0,40.0
211,M002,P003,T03,2026-05-18 03:22:00,1,45.0,0.0,45.0
212,M003,P004,T03,2026-05-20 17:49:00,1,35.0,0.0,35.0
213,M002,P001,T01,2026-05-23 21:53:00,1,50.0,15.0,65.0
214,M001,P001,T01,2026-05-01 10:22:00,1,50.0,15.0,65.0
215,M001,P002,T03,2026-05-01 23:40:00,1,40.0,0.0,40.0
216,M002,P004,T03,2026-05-06 14:21:00,1,35.0,0.0,35.0
217,M003,P001,T01,2026-05-03 18:38:00,1,50.0,15.0,65.0
218,M002,P001,T03,2026-05-15 02:17:00,1,50.0,0.0,50.0
219,M002,P002,T03,2026-05-12 16:07:00,1,40.0,0.0,40.0
220,M002,P002,T03,2026-05-22 15:33:00,2,40.0,0.0,80.0
221,M002,P001,T03,2026-05-07 01:00:00,1,50.0,0.0,50.0
222,M002,P003,T03,2026-05-01 10:07:00,1,45.0,0.0,45.0
223,M003,P005,T03,2026-05-18 07:32:00,1,30.0,0.0,30.0
224,M001,P005,T03,2026-05-14 23:02:00,1,30.0,0.0,30.0
225,M002,P004,T03,2026-05-19 18:27:00,1,35.0,0.0,35.0
226,M001,P005,T03,2026-05-11 12:01:00,1,30.0,0.0,30.0
227,M001,P005,T03,2026-05-12 22:58:00,1,30.0,0.0,30.0
228,M001,P005,T03,2026-05-17 18:25:00,1,30.0,0.0,30.0
229,M001,P003,T03,2026-05-25 07:21:00,1,45.0,0.0,45.0
230,M003,P004,T03,2026-05-24 11:22:00,1,35.0,0.0,35.0
231,M002,P002,T03,2026-05-09 03:09:00,1,40.0,0.0,40.0
232,M003,P004,T03,2026-05-06 20:04:00,1,35.0,0.0,35.0
233,M002,P005,T03,2026-05-19 18:48:00,1,30.0,0.0,30.0
234,M003,P004,T03,2026-05-11 20:39:00,1,35.0,0.0,35.0
235,M002,P003,T03,2026-05-15 02:30:00,1,45.0,0.0,45.0
236,M002,P001,T01,2026-05-15 02:19:00,1,50.0,15.0,65.0
237,M002,P001,T01,2026-05-20 02:39:00,1,50.0,15.0,65.0
238,M002,P001,T03,2026-05-19 01:28:00,1,50.0,0.0,50.0
239,M003,P003,T02,2026-05-04 01:28:00,1,45.0,10.0,55.0
240,M001,P003,T03,2026-05-02 20:11:00,1,45.0,0.0,45.0
241,M003,P003,T02,2026-05-12 05:23:00,1,45.0,10.0,55.0
242,M002,P001,T03,2026-05-21 01:50:00,1,50.0,0.0,50.0
243,M003,P005,T03,2026-05-24 09:16:00,1,30.0,0.0,30.0
244,M002,P001,T03,2026-05-03 04:21:00,2,50.0,0.0,100.0
245,M001,P004,T03,2026-05-13 22:42:00,1,35.0,0.0,35.0
246,M003,P005,T03,2026-05-21 17:24:00,1,30.0,0.0,30.0
247,M001,P002,T03,2026-05-17 23:43:00,1,40.0,0.0,40.0
248,M002,P001,T01,2026-05-10 00:23:00,1,50.0,15.0,65.0
249,M001,P005,T03,2026-05-05 07:08:00,1,30.0,0.0,30.0
250,M003,P001,T03,2026-05-24 17:53:00,1,50.0,0.0,50.0
251,M002,P001,T01,2026-05-13 04:38:00,1,50.0,15.0,65.0
252,M001,P003,T02,2026-05-15 05:46:00,2,45.0,10.0,110.0
253,M003,P003,T03,2026-05-25 19:18:00,1,45.0,0.0,45.0
254,M002,P005,T03,2026-05-07 15:57:00,2,30.0,0.0,60.0
255,M003,P003,T03,2026-05-10 14:49:00,1,45.0,0.0,45.0
256,M001,P002,T03,2026-05-20 06:51:00,1,40.0,0.0,40.0
257,M003,P003,T03,2026-05-04 11:35:00,1,45.0,0.0,45.0
258,M003,P001,T03,2026-05-15 05:17:00,2,50.0,0.0,100.0
259,M003,P005,T03,2026-05-15 07:52:00,1,30.0,0.0,30.0
260,M001,P005,T03,2026-05-12 12:32:00,1,30.0,0.0,30.0
261,M003,P002,T03,2026-05-04 00:20:00,1,40.0,0.0,40.0
262,M003,P001,T01,2026-05-10 04:02:00,1,50.0,15.0,65.0
263,M001,P001,T03,2026-05-20 15:28:00,1,50.0,0.0,50.0
264,M002,P001,T03,2026-05-20 17:46:00,1,50.0,0.0,50.0
265,M002,P002,T03,2026-05-14 01:15:00,1,40.0,0.0,40.0
266,M001,P003,T03,2026-05-18 15:38:00,1,45.0,0.0,45.0
267,M002,P003,T03,2026-05-20 13:00:00,1,45.0,0.0,45.0
268,M003,P003,T02,2026-05-03 16:23:00,1,45.0,10.0,55.0
269,M001,P001,T03,2026-05-16 00:24:00,1,50.0,0.0,50.0
270,M002,P004,T03,2026-05-03 11:50:00,1,35.0,0.0,35.0
271,M002,P001,T01,2026-05-25 18:47:00,1,50.0,15.0,65.0
272,M003,P005,T03,2026-05-25 05:53:00,1,30.0,0.0,30.0
273,M001,P004,T03,2026-05-05 05:51:00,1,35.0,0.0,35.0
274,M003,P005,T03,2026-05-02 09:12:00,1,30.0,0.0,30.0
275,M003,P003,T03,2026-05-13 09:32:00,1,45.0,0.0,45.0
276,M003,P001,T01,2026-05-12 06:18:00,1,50.0,15.0,65.0
277,M003,P005,T03,2026-05-13 11:27:00,1,30.0,0.0,30.0
278,M002,P005,T03,2026-05-23 05:31:00,1,30.0,0.0,30.0
279,M001,P002,T03,2026-05-14 02:46:00,1,40.0,0.0,40.0
280,M001,P002,T03,2026-05-11 17:18:00,1,40.0,0.0,40.0
281,M002,P004,T03,2026-05-23 14:38:00,1,35.0,0.0,35.0
282,M002,P001,T01,2026-05-12 01:46:00,1,50.0,15.0,65.0
283,M002,P001,T01,2026-05-22 01:04:00,1,50.0,15.0,65.0
284,M002,P001,T03,2026-05-20 00:09:00,1,50.0,0.0,50.0
285,M002,P003,T02,2026-05-12 20:23:00,1,45.0,10.0,55.0
286,M003,P003,T03,2026-05-15 11:23:00,1,45.0,0.0,45.0
287,M003,P001,T03,2026-05-08 20:17:00,1,50.0,0.0,50.0
288,M003,P004,T03,2026-05-09 17:07:00,1,35.0,0.0,35.0
289,M003,P003,T03,2026-05-23 19:18:00,1,45.0,0.0,45.0
290,M002,P001,T01,2026-05-23 14:11:00,1,50.0,15.0,65.0
291,M003,P003,T03,2026-05-12 10:42:00,1,45.0,0.0,45.0
292,M003,P004,T03,2026-05-23 05:45:00,1,35.0,0.0,35.0
293,M003,P004,T03,2026-05-04 16:14:00,1,35.0,0.0,35.0
294,M002,P003,T02,2026-05-12 15:01:00,1,45.0,10.0,55.0
295,M001,P003,T02,2026-05-03 19:56:00,1,45.0,10.0,55.0
296,M003,P001,T01,2026-05-14 13:49:00,1,50.0,15.0,65.0
297,M002,P001,T01,2026-05-22 14:29:00,1,50.0,15.0,65.0
298,M003,P003,T02,2026-05-25 18:11:00,1,45.0,10.0,55.0
299,M002,P001,T01,2026-05-05 03:33:00,1,50.0,15.0,65.0
300,M003,P002,T03,2026-05-10 16:57:00,1,40.0,0.0,40.0
301,M003,P004,T03,2026-05-05 17:17:00,1,35.0,0.0,35.0
302,M003,P001,T01,2026-05-19 20:10:00,1,50.0,15.0,65.0
303,M001,P005,T03,2026-05-19 19:21:00,1,30.0,0.0,30.0
304,M002,P002,T03,2026-05-19 20:49:00,1,40.0,0.0,40.0
305,M002,P004,T03,2026-05-01 19:40:00,1,35.0,0.0,35.0
306,M003,P004,T03,2026-05-08 09:30:00,1,35.0,0.0,35.0
307,M002,P001,T03,2026-05-02 02:44:00,1,50.0,0.0,50.0
308,M002,P005,T03,2026-05-23 04:20:00,1,30.0,0.0,30.0
309,M002,P003,T03,2026-05-25 12:08:00,1,45.0,0.0,45.0
310,M001,P001,T01,2026-05-08 08:28:00,1,50.0,15.0,65.0
311,M003,P005,T03,2026-05-06 13:15:00,1,30.0,0.0,30.0
312,M002,P003,T03,2026-05-06 06:48:00,1,45.0,0.0,45.0
313,M002,P005,T03,2026-05-13 00:05:00,1,30.0,0.0,30.0
314,M002,P003,T02,2026-05-02 11:03:00,1,45.0,10.0,55.0
315,M003,P003,T02,2026-05-01 09:34:00,1,45.0,10.0,55.0
316,M002,P003,T03,2026-05-02 12:23:00,1,45.0,0.0,45.0
317,M002,P002,T03,2026-05-17 02:24:00,1,40.0,0.0,40.0
318,M001,P005,T03,2026-05-20 19:43:00,1,30.0,0.0,30.0
319,M003,P001,T01,2026-05-12 10:35:00,1,50.0,15.0,65.0
320,M003,P003,T03,2026-05-05 01:02:00,1,45.0,0.0,45.0
321,M003,P002,T03,2026-05-11 16:08:00,1,40.0,0.0,40.0
322,M002,P003,T03,2026-05-10 19:47:00,1,45.0,0.0,45.0
323,M003,P003,T02,2026-05-16 18:19:00,2,45.0,10.0,110.0
324,M003,P004,T03,2026-05-24 18:19:00,1,35.0,0.0,35.0
325,M002,P002,T03,2026-05-25 08:41:00,1,40.0,0.0,40.0
326,M003,P004,T03,2026-05-17 15:10:00,1,35.0,0.0,35.0
327,M002,P002,T03,2026-05-22 04:52:00,1,40.0,0.0,40.0
328,M002,P001,T01,2026-05-15 06:01:00,1,50.0,15.0,65.0
329,M003,P004,T03,2026-05-16 19:58:00,1,35.0,0.0,35.0
330,M002,P005,T03,2026-05-07 04:33:00,1,30.0,0.0,30.0
331,M002,P003,T03,2026-05-06 12:20:00,1,45.0,0.0,45.0
332,M003,P001,T03,2026-05-21 23:43:00,2,50.0,0.0,100.0
333,M001,P005,T03,2026-05-10 08:35:00,1,30.0,0.0,30.0
334,M003,P003,T03,2026-05-07 09:45:00,1,45.0,0.0,45.0
335,M002,P002,T03,2026-05-10 23:17:00,1,40.0,0.0,40.0
336,M003,P005,T03,2026-05-12 12:52:00,1,30.0,0.0,30.0
337,M002,P003,T03,2026-05-03 09:45:00,1,45.0,0.0,45.0
338,M002,P003,T03,2026-05-18 06:52:00,1,45.0,0.0,45.0
339,M002,P002,T03,2026-05-08 23:37:00,1,40.0,0.0,40.0
340,M001,P002,T03,2026-05-02 20:14:00,1,40.0,0.0,40.0
341,M001,P003,T02,2026-05-05 21:49:00,1,45.0,10.0,55.0
342,M001,P005,T03,2026-05-21 15:30:00,1,30.0,0.0,30.0
343,M001,P003,T03,2026-05-25 20:03:00,1,45.0,0.0,45.0
344,M002,P003,T02,2026-05-06 01:58:00,1,45.0,10.0,55.0
345,M001,P004,T03,2026-05-16 12:50:00,1,35.0,0.0,35.0
346,M001,P003,T03,2026-05-02 09:56:00,2,45.0,0.0,90.0
347,M002,P003,T02,2026-05-21 09:29:00,1,45.0,10.0,55.0
348,M003,P002,T03,2026-05-07 14:17:00,1,40.0,0.0,40.0
349,M001,P004,T03,2026-05-23 20:16:00,1,35.0,0.0,35.0
350,M001,P004,T03,2026-05-25 18:43:00,1,35.0,0.0,35.0
351,M002,P001,T01,2026-05-14 12:52:00,1,50.0,15.0,65.0
352,M003,P001,T03,2026-05-11 04:30:00,1,50.0,0.0,50.0
353,M002,P003,T03,2026-05-10 08:21:00,1,45.0,0.0,45.0
354,M001,P002,T03,2026-05-22 07:03:00,1,40.0,0.0,40.0
355,M003,P004,T03,2026-05-23 16:59:00,1,35.0,0.0,35.0
356,M001,P005,T03,2026-05-20 09:23:00,1,30.0,0.0,30.0
357,M002,P004,T03,2026-05-20 14:47:00,2,35.0,0.0,70.0
358,M003,P004,T03,2026-05-22 17:51:00,1,35.0,0.0,35.0
359,M002,P003,T03,2026-05-03 19:55:00,2,45.0,0.0,90.0
360,M003,P001,T01,2026-05-18 03:03:00,1,50.0,15.0,65.0
361,M003,P004,T03,2026-05-04 16:28:00,1,35.0,0.0,35.0
362,M002,P003,T03,2026-05-02 16:28:00,1,45.0,0.0,45.0
363,M003,P003,T02,2026-05-10 14:43:00,1,45.0,10.0,55.0
364,M002,P004,T03,2026-05-02 18:04:00,1,35.0,0.0,35.0
365,M003,P001,T03,2026-05-03 01:59:00,1,50.0,0.0,50.0
366,M003,P002,T03,2026-05-21 04:49:00,1,40.0,0.0,40.0
367,M002,P004,T03,2026-05-13 12:28:00,1,35.0,0.0,35.0
368,M003,P001,T01,2026-05-21 17:08:00,1,50.0,15.0,65.0
369,M003,P003,T02,2026-05-08 04:46:00,1,45.0,10.0,55.0
370,M002,P003,T03,2026-05-14 23:34:00,1,45.0,0.0,45.0
371,M003,P001,T01,2026-05-24 08:12:00,1,50.0,15.0,65.0
372,M001,P002,T03,2026-05-07 00:15:00,1,40.0,0.0,40.0
373,M001,P001,T03,2026-05-02 21:45:00,1,50.0,0.0,50.0
374,M003,P001,T01,2026-05-17 01:08:00,1,50.0,15.0,65.0
375,M003,P002,T03,2026-05-25 18:38:00,1,40.0,0.0,40.0
376,M002,P001,T03,2026-05-17 04:42:00,2,50.0,0.0,100.0
377,M002,P001,T03,2026-05-06 23:58:00,2,50.0,0.0,100.0
378,M003,P002,T03,2026-05-13 20:42:00,1,40.0,0.0,40.0
379,M002,P002,T03,2026-05-13 04:19:00,1,40.0,0.0,40.0
380,M001,P003,T03,2026-05-23 07:19:00,1,45.0,0.0,45.0
381,M001,P002,T03,2026-05-17 13:35:00,1,40.0,0.0,40.0
382,M003,P001,T01,2026-05-15 20:05:00,1,50.0,15.0,65.0
383,M003,P001,T03,2026-05-22 08:24:00,1,50.0,0.0,50.0
384,M002,P003,T02,2026-05-22 18:46:00,1,45.0,10.0,55.0
385,M003,P001,T01,2026-05-07 00:13:00,1,50.0,15.0,65.0
386,M003,P003,T03,2026-05-20 07:44:00,1,45.0,0.0,45.0
387,M002,P003,T03,2026-05-15 09:24:00,1,45.0,0.0,45.0
388,M003,P004,T03,2026-05-04 15:29:00,1,35.0,0.0,35.0
389,M002,P003,T03,2026-05-07 10:58:00,1,45.0,0.0,45.0
390,M002,P002,T03,2026-05-09 04:01:00,1,40.0,0.0,40.0
391,M002,P003,T02,2026-05-07 09:09:00,1,45.0,10.0,55.0
392,M002,P005,T03,2026-05-11 20:43:00,2,30.0,0.0,60.0
393,M002,P004,T03,2026-05-16 20:47:00,1,35.0,0.0,35.0
394,M002,P005,T03,2026-05-18 04:46:00,1,30.0,0.0,30.0
395,M001,P005,T03,2026-05-17 20:03:00,2,30.0,0.0,60.0
396,M001,P001,T01,2026-05-25 21:03:00,1,50.0,15.0,65.0
397,M002,P001,T01,2026-05-07 04:00:00,1,50.0,15.0,65.0
398,M003,P001,T01,2026-05-16 19:58:00,1,50.0,15.0,65.0
399,M002,P005,T03,2026-05-24 00:33:00,1,30.0,0.0,30.0
400,M003,P005,T03,2026-05-14 22:43:00,1,30.0,0.0,30.0
401,M002,P002,T03,2026-05-05 03:33:00,1,40.0,0.0,40.0
402,M001,P005,T03,2026-05-13 11:17:00,1,30.0,0.0,30.0
403,M002,P005,T03,2026-05-08 07:44:00,1,30.0,0.0,30.0
404,M001,P003,T03,2026-05-02 20:48:00,1,45.0,0.0,45.0
405,M001,P003,T02,2026-05-06 00:44:00,1,45.0,10.0,55.0
406,M003,P001,T01,2026-05-17 03:57:00,1,50.0,15.0,65.0
407,M001,P001,T01,2026-05-09 18:30:00,1,50.0,15.0,65.0
408,M001,P005,T03,2026-05-02 18:42:00,1,30.0,0.0,30.0
409,M003,P004,T03,2026-05-05 06:37:00,1,35.0,0.0,35.0
410,M002,P002,T03,2026-05-06 02:19:00,1,40.0,0.0,40.0
411,M002,P004,T03,2026-05-18 21:57:00,1,35.0,0.0,35.0
412,M002,P005,T03,2026-05-03 22:46:00,1,30.0,0.0,30.0
413,M002,P004,T03,2026-05-03 13:14:00,2,35.0,0.0,70.0
414,M001,P002,T03,2026-05-11 12:49:00,2,40.0,0.0,80.0
415,M002,P003,T03,2026-05-12 15:14:00,1,45.0,0.0,45.0
416,M003,P004,T03,2026-05-25 12:05:00,1,35.0,0.0,35.0
417,M002,P003,T03,2026-05-05 02:17:00,1,45.0,0.0,45.0
418,M001,P002,T03,2026-05-03 11:06:00,1,40.0,0.0,40.0
419,M001,P003,T03,2026-05-05 08:06:00,1,45.0,0.0,45.0
420,M002,P001,T01,2026-05-03 03:01:00,1,50.0,15.0,65.0
421,M002,P004,T03,2026-05-10 12:00:00,1,35.0,0.0,35.0
422,M002,P001,T03,2026-05-08 17:57:00,1,50.0,0.0,50.0
423,M001,P001,T03,2026-05-16 09:17:00,1,50.0,0.0,50.0
424,M003,P002,T03,2026-05-09 02:23:00,1,40.0,0.0,40.0
425,M001,P002,T03,2026-05-15 19:12:00,2,40.0,0.0,80.0
426,M002,P005,T03,2026-05-20 10:53:00,1,30.0,0.0,30.0
427,M003,P001,T03,2026-05-21 13:52:00,2,50.0,0.0,100.0
428,M001,P003,T03,2026-05-11 06:30:00,1,45.0,0.0,45.0
429,M003,P002,T03,2026-05-19 20:31:00,1,40.0,0.0,40.0
430,M003,P001,T01,2026-05-04 12:23:00,1,50.0,15.0,65.0
431,M002,P004,T03,2026-05-24 17:01:00,1,35.0,0.0,35.0
432,M001,P005,T03,2026-05-23 09:53:00,1,30.0,0.0,30.0
433,M003,P002,T03,2026-05-05 21:31:00,1,40.0,0.0,40.0
434,M001,P005,T03,2026-05-13 22:27:00,1,30.0,0.0,30.0
435,M003,P005,T03,2026-05-17 12:34:00,1,30.0,0.0,30.0
436,M003,P003,T03,2026-05-12 01:50:00,2,45.0,0.0,90.0
437,M002,P001,T01,2026-05-08 03:49:00,1,50.0,15.0,65.0
438,M002,P004,T03,2026-05-21 20:43:00,2,35.0,0.0,70.0
439,M001,P002,T03,2026-05-01 13:06:00,1,40.0,0.0,40.0
440,M002,P003,T03,2026-05-23 17:37:00,1,45.0,0.0,45.0
441,M001,P005,T03,2026-05-17 18:44:00,1,30.0,0.0,30.0
442,M001,P005,T03,2026-05-03 09:26:00,1,30.0,0.0,30.0
443,M003,P003,T03,2026-05-15 09:21:00,1,45.0,0.0,45.0
444,M002,P001,T01,2026-05-15 23:44:00,1,50.0,15.0,65.0
445,M003,P001,T01,2026-05-04 10:41:00,1,50.0,15.0,65.0
446,M002,P003,T03,2026-05-06 05:35:00,1,45.0,0.0,45.0
447,M003,P003,T03,2026-05-06 20:11:00,1,45.0,0.0,45.0
448,M002,P001,T03,2026-05-19 06:28:00,1,50.0,0.0,50.0
449,M002,P004,T03,2026-05-03 22:51:00,1,35.0,0.0,35.0
450,M002,P002,T03,2026-05-07 11:20:00,1,40.0,0.0,40.0
451,M002,P004,T03,2026-05-11 16:40:00,1,35.0,0.0,35.0
452,M003,P005,T03,2026-05-15 11:22:00,1,30.0,0.0,30.0
453,M002,P004,T03,2026-05-20 09:58:00,1,35.0,0.0,35.0
454,M001,P004,T03,2026-05-04 07:19:00,1,35.0,0.0,35.0
455,M002,P003,T03,2026-05-05 13:38:00,1,45.0,0.0,45.0
456,M002,P003,T03,2026-05-06 20:59:00,1,45.0,0.0,45.0
457,M003,P005,T03,2026-05-02 14:39:00,1,30.0,0.0,30.0
458,M003,P003,T03,2026-05-13 06:52:00,1,45.0,0.0,45.0
459,M002,P001,T03,2026-05-15 13:45:00,1,50.0,0.0,50.0
460,M001,P002,T03,2026-05-09 09:02:00,1,40.0,0.0,40.0
461,M003,P003,T03,2026-05-25 18:47:00,1,45.0,0.0,45.0
462,M002,P004,T03,2026-05-12 17:52:00,1,35.0,0.0,35.0
463,M003,P001,T01,2026-05-07 14:34:00,1,50.0,15.0,65.0
464,M002,P002,T03,2026-05-02 09:55:00,1,40.0,0.0,40.0
465,M003,P002,T03,2026-05-04 14:55:00,1,40.0,0.0,40.0
466,M003,P004,T03,2026-05-12 18:44:00,1,35.0,0.0,35.0
467,M003,P005,T03,2026-05-07 19:08:00,1,30.0,0.0,30.0
468,M002,P002,T03,2026-05-20 17:17:00,1,40.0,0.0,40.0
469,M003,P003,T02,2026-05-09 09:36:00,1,45.0,10.0,55.0
470,M003,P005,T03,2026-05-14 04:48:00,1,30.0,0.0,30.0
471,M002,P002,T03,2026-05-05 04:44:00,1,40.0,0.0,40.0
472,M001,P004,T03,2026-05-16 21:25:00,1,35.0,0.0,35.0
473,M003,P005,T03,2026-05-03 12:28:00,1,30.0,0.0,30.0
474,M003,P005,T03,2026-05-09 16:47:00,1,30.0,0.0,30.0
475,M001,P004,T03,2026-05-19 15:20:00,1,35.0,0.0,35.0
476,M002,P001,T03,2026-05-21 23:29:00,1,50.0,0.0,50.0
477,M002,P002,T03,2026-05-07 06:27:00,1,40.0,0.0,40.0
478,M002,P003,T03,2026-05-05 17:36:00,1,45.0,0.0,45.0
479,M002,P003,T03,2026-05-04 01:02:00,2,45.0,0.0,90.0
480,M001,P005,T03,2026-05-15 05:28:00,1,30.0,0.0,30.0
481,M003,P002,T03,2026-05-05 22:58:00,1,40.0,0.0,40.0
482,M002,P001,T01,2026-05-21 08:05:00,1,50.0,15.0,65.0
483,M002,P002,T03,2026-05-21 01:25:00,1,40.0,0.0,40.0
484,M001,P002,T03,2026-05-23 20:05:00,1,40.0,0.0,40.0
485,M003,P001,T01,2026-05-17 18:14:00,1,50.0,15.0,65.0
486,M002,P002,T03,2026-05-05 13:44:00,1,40.0,0.0,40.0
487,M002,P001,T03,2026-05-11 03:06:00,1,50.0,0.0,50.0
488,M002,P002,T03,2026-05-22 04:41:00,1,40.0,0.0,40.0
489,M002,P002,T03,2026-05-15 20:10:00,1,40.0,0.0,40.0
490,M002,P002,T03,2026-05-22 13:39:00,1,40.0,0.0,40.0
491,M002,P001,T01,2026-05-04 04:48:00,1,50.0,15.0,65.0
492,M002,P001,T01,2026-05-09 04:15:00,1,50.0,15.0,65.0
493,M001,P005,T03,2026-05-23 09:49:00,1,30.0,0.0,30.0
494,M002,P004,T03,2026-05-20 06:33:00,1,35.0,0.0,35.0
495,M002,P001,T03,2026-05-08 01:50:00,1,50.0,0.0,50.0
496,M003,P005,T03,2026-05-01 16:56:00,1,30.0,0.0,30.0
497,M002,P001,T03,2026-05-12 18:26:00,2,50.0,0.0,100.0
498,M001,P001,T03,2026-05-19 02:01:00,1,50.0,0.0,50.0
499,M003,P003,T03,2026-05-10 12:32:00,1,45.0,0.0,45.0
500,M002,P001,T03,2026-05-18 02:40:00,1,50.0,0.0,50.0
501,M002,P003,T02,2026-05-05 06:51:00,1,45.0,10.0,55.0
502,M002,P003,T02,2026-05-03 21:41:00,1,45.0,10.0,55.0
503,M001,P004,T03,2026-05-14 07:05:00,1,35.0,0.0,35.0
504,M003,P001,T01,2026-05-22 21:47:00,1,50.0,15.0,65.0
505,M002,P004,T03,2026-05-12 05:31:00,1,35.0,0.0,35.0
506,M003,P005,T03,2026-05-05 05:23:00,1,30.0,0.0,30.0
507,M002,P001,T01,2026-05-01 03:49:00,1,50.0,15.0,65.0
508,M002,P003,T03,2026-05-03 18:40:00,1,45.0,0.0,45.0
509,M002,P001,T01,2026-05-06 05:23:00,1,50.0,15.0,65.0
510,M001,P005,T03,2026-05-17 07:47:00,1,30.0,0.0,30.0
511,M002,P001,T01,2026-05-12 01:30:00,1,50.0,15.0,65.0
512,M003,P003,T03,2026-05-23 17:51:00,1,45.0,0.0,45.0
513,M003,P002,T03,2026-05-09 23:20:00,1,40.0,0.0,40.0
514,M001,P005,T03,2026-05-02 21:57:00,2,30.0,0.0,60.0
515,M003,P004,T03,2026-05-15 12:04:00,1,35.0,0.0,35.0
516,M001,P001,T01,2026-05-15 02:35:00,1,50.0,15.0,65.0
517,M002,P005,T03,2026-05-15 19:15:00,2,30.0,0.0,60.0
518,M003,P002,T03,2026-05-18 06:46:00,1,40.0,0.0,40.0
519,M002,P004,T03,2026-05-08 13:01:00,1,35.0,0.0,35.0
520,M003,P001,T01,2026-05-01 00:21:00,1,50.0,15.0,65.0
521,M002,P005,T03,2026-05-08 06:33:00,2,30.0,0.0,60.0
522,M001,P005,T03,2026-05-09 04:45:00,1,30.0,0.0,30.0
523,M003,P003,T02,2026-05-23 16:26:00,1,45.0,10.0,55.0
524,M003,P001,T01,2026-05-21 16:08:00,1,50.0,15.0,65.0
525,M002,P001,T01,2026-05-10 04:15:00,1,50.0,15.0,65.0
526,M002,P001,T01,2026-05-11 23:20:00,1,50.0,15.0,65.0
527,M001,P003,T03,2026-05-05 18:06:00,1,45.0,0.0,45.0
528,M002,P003,T02,2026-05-07 11:49:00,1,45.0,10.0,55.0
529,M003,P001,T01,2026-05-23 21:19:00,1,50.0,15.0,65.0
530,M003,P001,T03,2026-05-08 02:45:00,1,50.0,0.0,50.0
531,M003,P003,T03,2026-05-13 05:01:00,1,45.0,0.0,45.0
532,M002,P001,T01,2026-05-05 03:51:00,1,50.0,15.0,65.0
533,M002,P004,T03,2026-05-13 06:52:00,1,35.0,0.0,35.0
534,M003,P001,T01,2026-05-09 18:37:00,1,50.0,15.0,65.0
535,M001,P005,T03,2026-05-05 20:28:00,1,30.0,0.0,30.0
536,M001,P005,T03,2026-05-15 03:02:00,1,30.0,0.0,30.0
537,M001,P002,T03,2026-05-16 23:25:00,1,40.0,0.0,40.0
538,M002,P003,T03,2026-05-06 06:58:00,1,45.0,0.0,45.0
539,M002,P003,T03,2026-05-21 19:15:00,1,45.0,0.0,45.0
540,M002,P004,T03,2026-05-05 08:24:00,1,35.0,0.0,35.0
541,M003,P005,T03,2026-05-18 07:40:00,1,30.0,0.0,30.0
542,M003,P002,T03,2026-05-18 11:30:00,1,40.0,0.0,40.0
543,M001,P002,T03,2026-05-09 10:24:00,1,40.0,0.0,40.0
544,M002,P004,T03,2026-05-16 08:03:00,2,35.0,0.0,70.0
545,M003,P002,T03,2026-05-08 05:06:00,1,40.0,0.0,40.0
546,M003,P001,T01,2026-05-25 23:03:00,1,50.0,15.0,65.0
547,M001,P003,T02,2026-05-06 11:59:00,1,45.0,10.0,55.0
548,M003,P005,T03,2026-05-23 18:01:00,1,30.0,0.0,30.0
549,M002,P001,T03,2026-05-16 18:12:00,1,50.0,0.0,50.0
550,M002,P001,T01,2026-05-01 19:14:00,1,50.0,15.0,65.0
551,M002,P003,T02,2026-05-23 04:21:00,1,45.0,10.0,55.0
552,M003,P003,T02,2026-05-23 04:37:00,1,45.0,10.0,55.0
553,M003,P001,T03,2026-05-23 02:23:00,1,50.0,0.0,50.0
554,M003,P003,T02,2026-05-24 04:10:00,1,45.0,10.0,55.0
555,M003,P005,T03,2026-05-18 05:45:00,1,30.0,0.0,30.0
556,M003,P003,T02,2026-05-19 07:42:00,1,45.0,10.0,55.0
557,M003,P005,T03,2026-05-01 05:46:00,1,30.0,0.0,30.0
558,M003,P005,T03,2026-05-06 18:02:00,2,30.0,0.0,60.0
559,M001,P003,T03,2026-05-19 07:40:00,1,45.0,0.0,45.0
560,M003,P005,T03,2026-05-06 11:20:00,1,30.0,0.0,30.0
561,M003,P003,T03,2026-05-24 21:40:00,1,45.0,0.0,45.0
562,M003,P002,T03,2026-05-09 02:22:00,1,40.0,0.0,40.0
563,M003,P005,T03,2026-05-14 14:46:00,1,30.0,0.0,30.0
564,M002,P005,T03,2026-05-18 12:22:00,1,30.0,0.0,30.0
565,M003,P001,T03,2026-05-25 18:41:00,1,50.0,0.0,50.0
566,M002,P001,T03,2026-05-11 09:01:00,1,50.0,0.0,50.0
567,M002,P005,T03,2026-05-03 05:46:00,1,30.0,0.0,30.0
568,M003,P003,T02,2026-05-16 19:39:00,1,45.0,10.0,55.0
569,M001,P002,T03,2026-05-02 13:10:00,1,40.0,0.0,40.0
570,M003,P003,T02,2026-05-24 22:35:00,1,45.0,10.0,55.0
571,M002,P003,T03,2026-05-13 03:03:00,1,45.0,0.0,45.0
572,M003,P004,T03,2026-05-10 13:05:00,1,35.0,0.0,35.0
573,M002,P001,T03,2026-05-07 03:01:00,1,50.0,0.0,50.0
574,M002,P005,T03,2026-05-13 09:50:00,1,30.0,0.0,30.0
575,M001,P005,T03,2026-05-13 20:34:00,1,30.0,0.0,30.0
576,M002,P002,T03,2026-05-09 14:02:00,1,40.0,0.0,40.0
577,M003,P004,T03,2026-05-05 18:03:00,1,35.0,0.0,35.0
578,M002,P004,T03,2026-05-18 11:51:00,1,35.0,0.0,35.0
579,M003,P001,T01,2026-05-13 01:53:00,1,50.0,15.0,65.0
580,M002,P001,T01,2026-05-08 15:36:00,1,50.0,15.0,65.0
581,M003,P004,T03,2026-05-17 16:36:00,1,35.0,0.0,35.0
582,M002,P005,T03,2026-05-15 03:48:00,2,30.0,0.0,60.0
583,M002,P005,T03,2026-05-02 06:08:00,1,30.0,0.0,30.0
584,M002,P005,T03,2026-05-20 20:09:00,2,30.0,0.0,60.0
585,M002,P002,T03,2026-05-13 02:05:00,1,40.0,0.0,40.0
586,M003,P004,T03,2026-05-01 16:29:00,1,35.0,0.0,35.0
587,M001,P003,T03,2026-05-14 13:07:00,2,45.0,0.0,90.0
588,M002,P001,T03,2026-05-04 03:59:00,1,50.0,0.0,50.0
589,M002,P004,T03,2026-05-14 11:56:00,1,35.0,0.0,35.0
590,M002,P001,T01,2026-05-06 15:02:00,1,50.0,15.0,65.0
591,M002,P001,T03,2026-05-11 01:25:00,1,50.0,0.0,50.0
592,M003,P002,T03,2026-05-11 11:01:00,1,40.0,0.0,40.0
593,M003,P005,T03,2026-05-23 15:54:00,1,30.0,0.0,30.0
594,M003,P002,T03,2026-05-15 09:47:00,1,40.0,0.0,40.0
595,M001,P002,T03,2026-05-03 19:41:00,1,40.0,0.0,40.0
596,M002,P001,T03,2026-05-25 23:31:00,1,50.0,0.0,50.0
597,M002,P001,T01,2026-05-23 02:19:00,1,50.0,15.0,65.0
598,M003,P001,T03,2026-05-07 00:11:00,1,50.0,0.0,50.0
599,M003,P001,T01,2026-05-12 01:58:00,1,50.0,15.0,65.0
600,M003,P002,T03,2026-05-04 20:59:00,1,40.0,0.0,40.0
601,M002,P002,T03,2026-05-16 14:11:00,1,40.0,0.0,40.0
602,M001,P001,T03,2026-05-23 08:47:00,1,50.0,0.0,50.0
603,M003,P004,T03,2026-05-08 06:54:00,1,35.0,0.0,35.0
604,M003,P005,T03,2026-05-01 13:32:00,1,30.0,0.0,30.0
605,M003,P004,T03,2026-05-05 15:58:00,1,35.0,0.0,35.0
606,M003,P004,T03,2026-05-10 08:38:00,1,35.0,0.0,35.0
607,M002,P002,T03,2026-05-12 12:54:00,1,40.0,0.0,40.0
608,M002,P001,T01,2026-05-20 16:52:00,1,50.0,15.0,65.0
609,M002,P002,T03,2026-05-21 11:35:00,1,40.0,0.0,40.0
610,M003,P004,T03,2026-05-11 15:04:00,1,35.0,0.0,35.0
611,M003,P004,T03,2026-05-23 08:41:00,1,35.0,0.0,35.0
612,M003,P005,T03,2026-05-08 16:48:00,1,30.0,0.0,30.0
613,M002,P001,T03,2026-05-22 19:25:00,1,50.0,0.0,50.0
614,M002,P004,T03,2026-05-14 09:16:00,1,35.0,0.0,35.0
615,M002,P004,T03,2026-05-07 18:52:00,1,35.0,0.0,35.0
616,M003,P004,T03,2026-05-16 20:50:00,1,35.0,0.0,35.0
617,M003,P001,T03,2026-05-22 05:53:00,1,50.0,0.0,50.0
618,M003,P001,T01,2026-05-18 08:46:00,1,50.0,15.0,65.0
619,M002,P004,T03,2026-05-12 02:14:00,1,35.0,0.0,35.0
620,M002,P003,T03,2026-05-09 10:23:00,1,45.0,0.0,45.0
621,M003,P001,T01,2026-05-19 20:37:00,1,50.0,15.0,65.0
622,M002,P001,T01,2026-05-17 21:24:00,1,50.0,15.0,65.0
623,M003,P005,T03,2026-05-14 06:21:00,2,30.0,0.0,60.0
624,M002,P001,T03,2026-05-23 04:20:00,2,50.0,0.0,100.0
625,M001,P002,T03,2026-05-02 10:40:00,1,40.0,0.0,40.0
626,M001,P004,T03,2026-05-25 05:36:00,1,35.0,0.0,35.0
627,M002,P001,T01,2026-05-14 04:39:00,1,50.0,15.0,65.0
628,M003,P005,T03,2026-05-07 01:34:00,1,30.0,0.0,30.0
629,M003,P004,T03,2026-05-01 16:12:00,1,35.0,0.0,35.0
630,M002,P001,T01,2026-05-12 22:56:00,1,50.0,15.0,65.0
631,M002,P001,T01,2026-05-02 02:52:00,1,50.0,15.0,65.0
632,M003,P002,T03,2026-05-22 10:27:00,2,40.0,0.0,80.0
633,M001,P005,T03,2026-05-07 11:48:00,1,30.0,0.0,30.0
634,M003,P001,T01,2026-05-08 00:14:00,1,50.0,15.0,65.0
635,M003,P004,T03,2026-05-12 05:07:00,1,35.0,0.0,35.0
636,M002,P001,T01,2026-05-25 20:16:00,1,50.0,15.0,65.0
637,M001,P001,T03,2026-05-01 20:53:00,1,50.0,0.0,50.0
638,M001,P004,T03,2026-05-23 08:30:00,1,35.0,0.0,35.0
639,M001,P003,T02,2026-05-22 09:26:00,1,45.0,10.0,55.0
640,M002,P004,T03,2026-05-04 13:53:00,1,35.0,0.0,35.0
641,M002,P003,T02,2026-05-07 03:31:00,2,45.0,10.0,110.0
642,M002,P001,T03,2026-05-14 11:45:00,1,50.0,0.0,50.0
643,M001,P004,T03,2026-05-08 15:21:00,2,35.0,0.0,70.0
644,M001,P001,T01,2026-05-16 18:42:00,1,50.0,15.0,65.0
645,M002,P001,T01,2026-05-09 03:57:00,1,50.0,15.0,65.0
646,M003,P004,T03,2026-05-06 01:06:00,1,35.0,0.0,35.0
647,M003,P001,T01,2026-05-14 21:20:00,1,50.0,15.0,65.0
648,M002,P001,T03,2026-05-21 04:42:00,1,50.0,0.0,50.0
649,M003,P001,T03,2026-05-12 23:05:00,2,50.0,0.0,100.0
650,M003,P003,T03,2026-05-13 08:53:00,1,45.0,0.0,45.0
651,M003,P001,T01,2026-05-05 05:07:00,1,50.0,15.0,65.0
652,M002,P003,T03,2026-05-19 13:58:00,1,45.0,0.0,45.0
653,M003,P005,T03,2026-05-01 11:39:00,1,30.0,0.0,30.0
654,M002,P001,T03,2026-05-16 04:30:00,1,50.0,0.0,50.0
655,M003,P003,T02,2026-05-23 10:00:00,1,45.0,10.0,55.0
656,M002,P004,T03,2026-05-11 07:42:00,1,35.0,0.0,35.0
657,M001,P002,T03,2026-05-24 13:42:00,1,40.0,0.0,40.0
658,M003,P004,T03,2026-05-18 12:09:00,1,35.0,0.0,35.0
659,M003,P005,T03,2026-05-16 05:32:00,1,30.0,0.0,30.0
660,M002,P002,T03,2026-05-08 15:20:00,1,40.0,0.0,40.0
661,M002,P002,T03,2026-05-13 17:41:00,1,40.0,0.0,40.0
662,M003,P003,T03,2026-05-03 18:28:00,1,45.0,0.0,45.0
663,M002,P001,T01,2026-05-04 20:01:00,1,50.0,15.0,65.0
664,M002,P003,T03,2026-05-21 19:39:00,1,45.0,0.0,45.0
665,M003,P005,T03,2026-05-02 10:23:00,1,30.0,0.0,30.0
666,M003,P003,T03,2026-05-16 19:38:00,1,45.0,0.0,45.0
667,M002,P005,T03,2026-05-01 21:14:00,2,30.0,0.0,60.0
668,M002,P001,T01,2026-05-17 09:35:00,1,50.0,15.0,65.0
669,M002,P002,T03,2026-05-24 22:47:00,1,40.0,0.0,40.0
670,M002,P003,T03,2026-05-13 03:59:00,1,45.0,0.0,45.0
671,M003,P003,T02,2026-05-21 13:02:00,1,45.0,10.0,55.0
672,M001,P003,T03,2026-05-17 21:37:00,1,45.0,0.0,45.0
673,M002,P003,T02,2026-05-19 13:53:00,1,45.0,10.0,55.0
674,M003,P001,T01,2026-05-24 18:11:00,1,50.0,15.0,65.0
675,M002,P004,T03,2026-05-13 10:32:00,1,35.0,0.0,35.0
676,M003,P005,T03,2026-05-13 07:17:00,1,30.0,0.0,30.0
677,M002,P004,T03,2026-05-14 04:08:00,1,35.0,0.0,35.0
678,M003,P005,T03,2026-05-11 22:35:00,1,30.0,0.0,30.0
679,M003,P004,T03,2026-05-20 06:13:00,2,35.0,0.0,70.0
680,M003,P001,T01,2026-05-21 04:45:00,1,50.0,15.0,65.0
681,M002,P003,T03,2026-05-25 22:07:00,1,45.0,0.0,45.0
682,M003,P003,T02,2026-05-24 13:43:00,1,45.0,10.0,55.0
683,M001,P001,T01,2026-05-04 00:33:00,1,50.0,15.0,65.0
684,M002,P005,T03,2026-05-22 05:18:00,1,30.0,0.0,30.0
685,M002,P003,T03,2026-05-25 09:13:00,1,45.0,0.0,45.0
686,M003,P004,T03,2026-05-18 21:47:00,1,35.0,0.0,35.0
687,M002,P004,T03,2026-05-23 07:32:00,2,35.0,0.0,70.0
688,M002,P003,T03,2026-05-22 12:26:00,1,45.0,0.0,45.0
689,M003,P003,T03,2026-05-25 19:55:00,1,45.0,0.0,45.0
690,M003,P003,T02,2026-05-12 22:41:00,1,45.0,10.0,55.0
691,M001,P004,T03,2026-05-15 06:18:00,1,35.0,0.0,35.0
692,M001,P001,T03,2026-05-17 05:47:00,1,50.0,0.0,50.0
693,M001,P003,T02,2026-05-09 05:37:00,1,45.0,10.0,55.0
694,M003,P004,T03,2026-05-02 10:38:00,1,35.0,0.0,35.0
695,M002,P001,T01,2026-05-19 09:31:00,1,50.0,15.0,65.0
696,M003,P001,T01,2026-05-03 05:33:00,1,50.0,15.0,65.0
697,M003,P002,T03,2026-05-07 11:14:00,1,40.0,0.0,40.0
698,M003,P005,T03,2026-05-16 19:33:00,2,30.0,0.0,60.0
699,M002,P001,T01,2026-05-22 00:07:00,2,50.0,15.0,130.0
700,M003,P003,T02,2026-05-22 07:02:00,1,45.0,10.0,55.0
701,M002,P005,T03,2026-05-24 08:34:00,1,30.0,0.0,30.0
702,M002,P001,T01,2026-05-17 11:32:00,1,50.0,15.0,65.0
703,M001,P005,T03,2026-05-04 16:05:00,1,30.0,0.0,30.0
704,M002,P002,T03,2026-05-03 00:40:00,1,40.0,0.0,40.0
705,M001,P005,T03,2026-05-04 21:27:00,1,30.0,0.0,30.0
706,M002,P005,T03,2026-05-14 23:49:00,1,30.0,0.0,30.0
707,M003,P001,T03,2026-05-15 04:01:00,1,50.0,0.0,50.0
708,M002,P002,T03,2026-05-03 08:35:00,1,40.0,0.0,40.0
709,M002,P002,T03,2026-05-21 12:28:00,1,40.0,0.0,40.0
710,M002,P002,T03,2026-05-01 03:34:00,1,40.0,0.0,40.0
711,M003,P003,T03,2026-05-23 18:02:00,1,45.0,0.0,45.0
712,M001,P004,T03,2026-05-20 21:19:00,1,35.0,0.0,35.0
713,M001,P001,T03,2026-05-22 12:52:00,1,50.0,0.0,50.0
714,M001,P004,T03,2026-05-21 17:18:00,2,35.0,0.0,70.0
715,M003,P001,T01,2026-05-12 23:41:00,1,50.0,15.0,65.0
716,M002,P002,T03,2026-05-19 01:00:00,2,40.0,0.0,80.0
717,M003,P004,T03,2026-05-24 09:13:00,1,35.0,0.0,35.0
718,M001,P001,T01,2026-05-17 20:54:00,1,50.0,15.0,65.0
719,M003,P004,T03,2026-05-22 03:11:00,1,35.0,0.0,35.0
720,M002,P002,T03,2026-05-21 17:29:00,1,40.0,0.0,40.0
721,M002,P005,T03,2026-05-24 03:12:00,1,30.0,0.0,30.0
722,M001,P004,T03,2026-05-08 21:41:00,2,35.0,0.0,70.0
723,M002,P004,T03,2026-05-15 10:31:00,1,35.0,0.0,35.0
724,M002,P001,T03,2026-05-19 04:36:00,1,50.0,0.0,50.0
725,M003,P004,T03,2026-05-08 07:50:00,1,35.0,0.0,35.0
726,M003,P005,T03,2026-05-22 11:08:00,1,30.0,0.0,30.0
727,M002,P001,T01,2026-05-10 11:49:00,1,50.0,15.0,65.0
728,M003,P001,T01,2026-05-05 08:54:00,1,50.0,15.0,65.0
729,M003,P002,T03,2026-05-01 23:04:00,1,40.0,0.0,40.0
730,M002,P005,T03,2026-05-25 18:25:00,1,30.0,0.0,30.0
731,M002,P004,T03,2026-05-18 17:57:00,1,35.0,0.0,35.0
732,M002,P005,T03,2026-05-25 07:57:00,1,30.0,0.0,30.0
733,M002,P003,T02,2026-05-03 16:32:00,1,45.0,10.0,55.0
734,M003,P001,T03,2026-05-06 19:43:00,1,50.0,0.0,50.0
735,M003,P003,T03,2026-05-05 18:42:00,1,45.0,0.0,45.0
736,M002,P002,T03,2026-05-03 15:14:00,1,40.0,0.0,40.0
737,M002,P005,T03,2026-05-12 16:58:00,1,30.0,0.0,30.0
738,M002,P005,T03,2026-05-11 01:41:00,1,30.0,0.0,30.0
739,M002,P003,T03,2026-05-24 08:53:00,1,45.0,0.0,45.0
740,M003,P001,T03,2026-05-21 11:37:00,2,50.0,0.0,100.0
741,M002,P005,T03,2026-05-13 07:33:00,1,30.0,0.0,30.0
742,M001,P005,T03,2026-05-20 15:56:00,1,30.0,0.0,30.0
743,M003,P002,T03,2026-05-17 07:04:00,1,40.0,0.0,40.0
744,M003,P004,T03,2026-05-23 11:38:00,1,35.0,0.0,35.0
745,M002,P003,T03,2026-05-04 10:46:00,1,45.0,0.0,45.0
746,M001,P003,T03,2026-05-08 13:01:00,1,45.0,0.0,45.0
747,M002,P001,T01,2026-05-19 01:57:00,1,50.0,15.0,65.0
748,M003,P005,T03,2026-05-19 12:38:00,1,30.0,0.0,30.0
749,M002,P005,T03,2026-05-07 09:05:00,1,30.0,0.0,30.0
750,M003,P004,T03,2026-05-14 05:14:00,1,35.0,0.0,35.0
751,M002,P001,T01,2026-05-22 05:39:00,2,50.0,15.0,130.0
752,M001,P003,T03,2026-05-03 19:37:00,1,45.0,0.0,45.0
753,M003,P004,T03,2026-05-14 16:43:00,1,35.0,0.0,35.0
754,M003,P003,T02,2026-05-02 19:38:00,1,45.0,10.0,55.0
755,M002,P001,T01,2026-05-20 21:08:00,1,50.0,15.0,65.0
756,M002,P001,T01,2026-05-14 13:33:00,1,50.0,15.0,65.0
757,M002,P003,T02,2026-05-25 15:50:00,1,45.0,10.0,55.0
758,M002,P002,T03,2026-05-04 22:36:00,1,40.0,0.0,40.0
759,M003,P001,T03,2026-05-20 02:18:00,1,50.0,0.0,50.0
760,M002,P001,T01,2026-05-17 00:36:00,1,50.0,15.0,65.0
761,M001,P003,T03,2026-05-12 10:26:00,1,45.0,0.0,45.0
762,M002,P002,T03,2026-05-19 17:27:00,1,40.0,0.0,40.0
763,M003,P003,T03,2026-05-18 06:26:00,1,45.0,0.0,45.0
764,M002,P004,T03,2026-05-19 08:19:00,1,35.0,0.0,35.0
765,M001,P004,T03,2026-05-24 21:07:00,2,35.0,0.0,70.0
766,M002,P001,T01,2026-05-17 03:13:00,1,50.0,15.0,65.0
767,M002,P004,T03,2026-05-06 22:03:00,1,35.0,0.0,35.0
768,M002,P001,T03,2026-05-20 04:30:00,1,50.0,0.0,50.0
769,M003,P001,T01,2026-05-13 01:46:00,1,50.0,15.0,65.0
770,M003,P004,T03,2026-05-25 19:03:00,1,35.0,0.0,35.0
771,M003,P003,T03,2026-05-22 06:54:00,1,45.0,0.0,45.0
772,M001,P001,T03,2026-05-23 16:33:00,1,50.0,0.0,50.0
773,M003,P003,T03,2026-05-03 00:10:00,1,45.0,0.0,45.0
774,M001,P004,T03,2026-05-17 18:12:00,2,35.0,0.0,70.0
775,M003,P005,T03,2026-05-24 17:18:00,1,30.0,0.0,30.0
776,M003,P003,T03,2026-05-20 08:14:00,1,45.0,0.0,45.0
777,M001,P001,T03,2026-05-17 05:26:00,2,50.0,0.0,100.0
778,M003,P003,T02,2026-05-18 16:16:00,2,45.0,10.0,110.0
779,M001,P002,T03,2026-05-25 18:30:00,1,40.0,0.0,40.0
780,M003,P003,T03,2026-05-19 21:29:00,1,45.0,0.0,45.0
781,M001,P002,T03,2026-05-23 07:43:00,2,40.0,0.0,80.0
782,M003,P002,T03,2026-05-01 16:34:00,1,40.0,0.0,40.0
783,M003,P001,T01,2026-05-24 12:43:00,1,50.0,15.0,65.0
784,M002,P005,T03,2026-05-19 11:13:00,1,30.0,0.0,30.0
785,M001,P004,T03,2026-05-24 06:31:00,1,35.0,0.0,35.0
786,M003,P005,T03,2026-05-07 06:14:00,1,30.0,0.0,30.0
787,M002,P002,T03,2026-05-03 03:07:00,1,40.0,0.0,40.0
788,M002,P002,T03,2026-05-16 17:02:00,1,40.0,0.0,40.0
789,M002,P005,T03,2026-05-09 18:55:00,2,30.0,0.0,60.0
790,M003,P001,T01,2026-05-08 08:25:00,1,50.0,15.0,65.0
791,M002,P005,T03,2026-05-17 17:02:00,1,30.0,0.0,30.0
792,M002,P002,T03,2026-05-23 14:07:00,1,40.0,0.0,40.0
793,M002,P002,T03,2026-05-13 21:13:00,1,40.0,0.0,40.0
794,M002,P002,T03,2026-05-18 08:11:00,2,40.0,0.0,80.0
795,M002,P002,T03,2026-05-06 10:23:00,1,40.0,0.0,40.0
796,M002,P001,T03,2026-05-13 11:23:00,1,50.0,0.0,50.0
797,M003,P005,T03,2026-05-04 07:52:00,1,30.0,0.0,30.0
798,M003,P004,T03,2026-05-05 12:12:00,1,35.0,0.0,35.0
799,M002,P005,T03,2026-05-14 00:11:00,1,30.0,0.0,30.0
800,M002,P003,T03,2026-05-24 16:34:00,1,45.0,0.0,45.0
801,M002,P001,T01,2026-05-04 01:25:00,1,50.0,15.0,65.0
802,M003,P002,T03,2026-05-15 20:06:00,1,40.0,0.0,40.0
803,M002,P003,T03,2026-05-09 17:59:00,1,45.0,0.0,45.0
804,M002,P004,T03,2026-05-19 19:12:00,1,35.0,0.0,35.0
805,M003,P003,T02,2026-05-11 09:22:00,1,45.0,10.0,55.0
806,M002,P005,T03,2026-05-10 12:39:00,1,30.0,0.0,30.0
807,M002,P004,T03,2026-05-11 20:51:00,1,35.0,0.0,35.0
808,M002,P001,T01,2026-05-06 02:05:00,1,50.0,15.0,65.0
809,M002,P003,T02,2026-05-13 19:41:00,1,45.0,10.0,55.0
810,M002,P001,T03,2026-05-15 18:33:00,1,50.0,0.0,50.0
811,M003,P001,T03,2026-05-24 21:16:00,1,50.0,0.0,50.0
812,M002,P001,T03,2026-05-16 02:59:00,1,50.0,0.0,50.0
813,M002,P001,T01,2026-05-09 02:06:00,1,50.0,15.0,65.0
814,M002,P004,T03,2026-05-24 07:15:00,1,35.0,0.0,35.0
815,M003,P005,T03,2026-05-02 05:01:00,1,30.0,0.0,30.0
816,M003,P003,T03,2026-05-18 15:29:00,2,45.0,0.0,90.0
817,M002,P004,T03,2026-05-19 17:11:00,1,35.0,0.0,35.0
818,M003,P003,T02,2026-05-17 18:27:00,1,45.0,10.0,55.0
819,M002,P003,T03,2026-05-03 07:51:00,1,45.0,0.0,45.0
820,M003,P001,T03,2026-05-25 00:33:00,1,50.0,0.0,50.0
821,M002,P004,T03,2026-05-16 15:48:00,1,35.0,0.0,35.0
822,M002,P001,T01,2026-05-01 19:14:00,1,50.0,15.0,65.0
823,M003,P003,T03,2026-05-23 07:10:00,1,45.0,0.0,45.0
824,M002,P004,T03,2026-05-08 13:40:00,1,35.0,0.0,35.0
825,M002,P004,T03,2026-05-09 22:43:00,1,35.0,0.0,35.0
826,M001,P002,T03,2026-05-03 13:12:00,1,40.0,0.0,40.0
827,M003,P003,T03,2026-05-09 19:28:00,1,45.0,0.0,45.0
828,M003,P002,T03,2026-05-06 17:01:00,1,40.0,0.0,40.0
829,M001,P001,T03,2026-05-01 14:46:00,1,50.0,0.0,50.0
830,M003,P003,T02,2026-05-16 09:50:00,1,45.0,10.0,55.0
831,M003,P001,T03,2026-05-09 04:03:00,1,50.0,0.0,50.0
832,M003,P001,T01,2026-05-13 08:52:00,1,50.0,15.0,65.0
833,M003,P001,T01,2026-05-24 14:15:00,1,50.0,15.0,65.0
834,M002,P005,T03,2026-05-16 21:13:00,2,30.0,0.0,60.0
835,M001,P005,T03,2026-05-24 05:40:00,1,30.0,0.0,30.0
836,M002,P003,T03,2026-05-21 08:30:00,1,45.0,0.0,45.0
837,M002,P001,T01,2026-05-21 03:15:00,1,50.0,15.0,65.0
838,M001,P001,T01,2026-05-08 12:50:00,1,50.0,15.0,65.0
839,M003,P002,T03,2026-05-12 19:09:00,1,40.0,0.0,40.0
840,M003,P005,T03,2026-05-11 21:39:00,1,30.0,0.0,30.0
841,M002,P002,T03,2026-05-21 01:22:00,1,40.0,0.0,40.0
842,M003,P004,T03,2026-05-11 15:14:00,1,35.0,0.0,35.0
843,M001,P003,T02,2026-05-07 14:46:00,1,45.0,10.0,55.0
844,M002,P001,T01,2026-05-23 01:31:00,1,50.0,15.0,65.0
845,M002,P003,T02,2026-05-12 05:34:00,1,45.0,10.0,55.0
846,M002,P003,T02,2026-05-03 17:10:00,1,45.0,10.0,55.0
847,M003,P003,T03,2026-05-25 14:00:00,1,45.0,0.0,45.0
848,M001,P004,T03,2026-05-20 11:49:00,1,35.0,0.0,35.0
849,M001,P004,T03,2026-05-13 17:52:00,1,35.0,0.0,35.0
850,M002,P002,T03,2026-05-10 04:39:00,1,40.0,0.0,40.0
851,M001,P005,T03,2026-05-03 16:42:00,1,30.0,0.0,30.0
852,M002,P001,T01,2026-05-04 01:12:00,1,50.0,15.0,65.0
853,M003,P003,T03,2026-05-17 21:31:00,1,45.0,0.0,45.0
854,M003,P002,T03,2026-05-01 22:04:00,1,40.0,0.0,40.0
855,M001,P002,T03,2026-05-21 02:29:00,2,40.0,0.0,80.0
856,M003,P001,T01,2026-05-12 13:52:00,1,50.0,15.0,65.0
857,M001,P001,T01,2026-05-10 23:04:00,1,50.0,15.0,65.0
858,M001,P003,T03,2026-05-13 07:34:00,1,45.0,0.0,45.0
859,M002,P004,T03,2026-05-24 05:35:00,1,35.0,0.0,35.0
860,M002,P004,T03,2026-05-22 18:22:00,1,35.0,0.0,35.0
861,M002,P003,T02,2026-05-06 05:50:00,1,45.0,10.0,55.0
862,M003,P003,T02,2026-05-12 19:28:00,1,45.0,10.0,55.0
863,M002,P004,T03,2026-05-21 13:48:00,1,35.0,0.0,35.0
864,M002,P003,T02,2026-05-07 18:34:00,1,45.0,10.0,55.0
865,M001,P001,T03,2026-05-13 14:28:00,1,50.0,0.0,50.0
866,M001,P005,T03,2026-05-10 04:56:00,1,30.0,0.0,30.0
867,M003,P004,T03,2026-05-25 10:01:00,1,35.0,0.0,35.0
868,M002,P003,T03,2026-05-18 17:32:00,1,45.0,0.0,45.0
869,M002,P002,T03,2026-05-09 04:08:00,1,40.0,0.0,40.0
870,M002,P005,T03,2026-05-19 09:05:00,1,30.0,0.0,30.0
871,M002,P003,T02,2026-05-16 23:20:00,1,45.0,10.0,55.0
872,M002,P002,T03,2026-05-21 03:38:00,1,40.0,0.0,40.0
873,M003,P001,T01,2026-05-02 02:49:00,1,50.0,15.0,65.0
874,M002,P002,T03,2026-05-25 03:55:00,1,40.0,0.0,40.0
875,M002,P001,T01,2026-05-25 00:40:00,1,50.0,15.0,65.0
876,M002,P002,T03,2026-05-11 18:09:00,1,40.0,0.0,40.0
877,M003,P002,T03,2026-05-15 23:25:00,1,40.0,0.0,40.0
878,M001,P002,T03,2026-05-13 13:18:00,1,40.0,0.0,40.0
879,M002,P001,T01,2026-05-18 23:03:00,1,50.0,15.0,65.0
880,M002,P001,T03,2026-05-05 04:48:00,1,50.0,0.0,50.0
881,M002,P002,T03,2026-05-24 17:39:00,1,40.0,0.0,40.0
882,M003,P001,T01,2026-05-22 13:20:00,1,50.0,15.0,65.0
883,M002,P004,T03,2026-05-11 11:12:00,1,35.0,0.0,35.0
884,M003,P005,T03,2026-05-20 05:22:00,1,30.0,0.0,30.0
885,M001,P003,T02,2026-05-08 14:02:00,1,45.0,10.0,55.0
886,M002,P002,T03,2026-05-02 03:47:00,1,40.0,0.0,40.0
887,M003,P001,T03,2026-05-11 09:00:00,1,50.0,0.0,50.0
888,M001,P003,T02,2026-05-18 06:47:00,1,45.0,10.0,55.0
889,M003,P004,T03,2026-05-05 19:46:00,1,35.0,0.0,35.0
890,M002,P001,T03,2026-05-02 21:33:00,1,50.0,0.0,50.0
891,M003,P001,T03,2026-05-15 08:03:00,1,50.0,0.0,50.0
892,M001,P005,T03,2026-05-04 21:23:00,1,30.0,0.0,30.0
893,M003,P001,T03,2026-05-17 07:24:00,1,50.0,0.0,50.0
894,M001,P005,T03,2026-05-06 17:05:00,1,30.0,0.0,30.0
895,M001,P003,T03,2026-05-02 22:01:00,1,45.0,0.0,45.0
896,M003,P003,T03,2026-05-12 05:01:00,2,45.0,0.0,90.0
897,M003,P005,T03,2026-05-02 16:17:00,1,30.0,0.0,30.0
898,M002,P001,T03,2026-05-09 00:35:00,1,50.0,0.0,50.0
899,M003,P002,T03,2026-05-17 23:24:00,1,40.0,0.0,40.0
900,M002,P003,T03,2026-05-08 07:26:00,1,45.0,0.0,45.0
901,M001,P001,T01,2026-05-05 14:34:00,1,50.0,15.0,65.0
902,M003,P002,T03,2026-05-23 04:19:00,1,40.0,0.0,40.0
903,M003,P001,T01,2026-05-19 04:41:00,2,50.0,15.0,130.0
904,M003,P001,T03,2026-05-11 03:11:00,1,50.0,0.0,50.0
905,M002,P005,T03,2026-05-10 13:26:00,1,30.0,0.0,30.0
906,M003,P001,T03,2026-05-05 23:17:00,1,50.0,0.0,50.0
907,M003,P004,T03,2026-05-09 19:39:00,1,35.0,0.0,35.0
908,M002,P004,T03,2026-05-01 07:43:00,1,35.0,0.0,35.0
909,M002,P004,T03,2026-05-20 16:54:00,1,35.0,0.0,35.0
910,M001,P001,T03,2026-05-16 12:31:00,1,50.0,0.0,50.0
911,M003,P001,T01,2026-05-09 00:59:00,1,50.0,15.0,65.0
912,M003,P005,T03,2026-05-06 06:04:00,1,30.0,0.0,30.0
913,M003,P005,T03,2026-05-11 15:44:00,1,30.0,0.0,30.0
914,M003,P002,T03,2026-05-24 01:38:00,1,40.0,0.0,40.0
915,M002,P002,T03,2026-05-20 23:36:00,1,40.0,0.0,40.0
916,M002,P003,T03,2026-05-04 01:33:00,2,45.0,0.0,90.0
917,M003,P001,T03,2026-05-13 16:34:00,1,50.0,0.0,50.0
918,M002,P004,T03,2026-05-10 01:12:00,1,35.0,0.0,35.0
919,M002,P004,T03,2026-05-06 09:29:00,1,35.0,0.0,35.0
920,M002,P004,T03,2026-05-05 16:57:00,1,35.0,0.0,35.0
921,M003,P005,T03,2026-05-06 16:07:00,1,30.0,0.0,30.0
922,M002,P001,T03,2026-05-14 04:25:00,1,50.0,0.0,50.0
923,M001,P002,T03,2026-05-15 06:56:00,1,40.0,0.0,40.0
924,M003,P001,T03,2026-05-06 22:50:00,1,50.0,0.0,50.0
925,M003,P004,T03,2026-05-17 11:05:00,2,35.0,0.0,70.0
926,M002,P001,T03,2026-05-13 19:10:00,1,50.0,0.0,50.0
927,M001,P001,T01,2026-05-05 21:55:00,1,50.0,15.0,65.0
928,M003,P003,T02,2026-05-24 09:19:00,1,45.0,10.0,55.0
929,M002,P001,T03,2026-05-01 04:12:00,1,50.0,0.0,50.0
930,M003,P003,T03,2026-05-01 17:51:00,1,45.0,0.0,45.0
931,M001,P004,T03,2026-05-15 14:26:00,1,35.0,0.0,35.0
932,M003,P005,T03,2026-05-20 17:17:00,1,30.0,0.0,30.0
933,M003,P001,T01,2026-05-02 05:09:00,1,50.0,15.0,65.0
934,M003,P001,T03,2026-05-11 19:19:00,1,50.0,0.0,50.0
935,M003,P004,T03,2026-05-20 21:18:00,1,35.0,0.0,35.0
936,M003,P003,T03,2026-05-15 17:11:00,1,45.0,0.0,45.0
937,M003,P004,T03,2026-05-13 10:23:00,1,35.0,0.0,35.0
938,M002,P002,T03,2026-05-16 02:18:00,1,40.0,0.0,40.0
939,M001,P002,T03,2026-05-17 16:26:00,1,40.0,0.0,40.0
940,M002,P001,T01,2026-05-21 18:46:00,1,50.0,15.0,65.0
941,M003,P002,T03,2026-05-14 22:18:00,1,40.0,0.0,40.0
942,M003,P003,T02,2026-05-05 19:22:00,1,45.0,10.0,55.0
943,M001,P002,T03,2026-05-20 05:56:00,1,40.0,0.0,40.0
944,M002,P001,T01,2026-05-15 03:01:00,1,50.0,15.0,65.0
945,M002,P003,T02,2026-05-02 13:26:00,1,45.0,10.0,55.0
946,M002,P001,T03,2026-05-10 06:44:00,1,50.0,0.0,50.0
947,M002,P001,T01,2026-05-22 00:07:00,2,50.0,15.0,130.0
948,M003,P005,T03,2026-05-11 05:12:00,1,30.0,0.0,30.0
949,M003,P003,T02,2026-05-02 15:51:00,1,45.0,10.0,55.0
950,M002,P005,T03,2026-05-11 17:57:00,2,30.0,0.0,60.0
951,M002,P002,T03,2026-05-17 01:53:00,1,40.0,0.0,40.0
952,M002,P002,T03,2026-05-07 17:01:00,2,40.0,0.0,80.0
953,M002,P001,T01,2026-05-05 11:04:00,1,50.0,15.0,65.0
954,M002,P003,T02,2026-05-20 05:36:00,1,45.0,10.0,55.0
955,M003,P002,T03,2026-05-11 22:54:00,1,40.0,0.0,40.0
956,M003,P002,T03,2026-05-15 07:23:00,1,40.0,0.0,40.0
957,M003,P004,T03,2026-05-12 05:07:00,2,35.0,0.0,70.0
958,M003,P005,T03,2026-05-01 14:32:00,1,30.0,0.0,30.0
959,M003,P003,T02,2026-05-16 10:59:00,1,45.0,10.0,55.0
960,M002,P001,T01,2026-05-17 03:52:00,1,50.0,15.0,65.0
961,M001,P002,T03,2026-05-17 22:55:00,1,40.0,0.0,40.0
962,M002,P005,T03,2026-05-03 19:55:00,1,30.0,0.0,30.0
963,M001,P004,T03,2026-05-10 21:47:00,1,35.0,0.0,35.0
964,M001,P002,T03,2026-05-07 06:20:00,1,40.0,0.0,40.0
965,M002,P001,T03,2026-05-04 14:42:00,2,50.0,0.0,100.0
966,M001,P003,T03,2026-05-04 17:32:00,1,45.0,0.0,45.0
967,M002,P001,T03,2026-05-10 22:51:00,1,50.0,0.0,50.0
968,M001,P003,T02,2026-05-02 17:28:00,1,45.0,10.0,55.0
969,M002,P002,T03,2026-05-14 01:05:00,1,40.0,0.0,40.0
970,M003,P004,T03,2026-05-23 20:53:00,1,35.0,0.0,35.0
971,M003,P003,T02,2026-05-25 06:45:00,1,45.0,10.0,55.0
972,M001,P005,T03,2026-05-05 14:36:00,1,30.0,0.0,30.0
973,M002,P002,T03,2026-05-10 03:29:00,1,40.0,0.0,40.0
974,M003,P004,T03,2026-05-05 07:14:00,2,35.0,0.0,70.0
975,M003,P002,T03,2026-05-23 12:11:00,1,40.0,0.0,40.0
976,M001,P003,T03,2026-05-16 10:29:00,1,45.0,0.0,45.0
977,M002,P003,T03,2026-05-25 05:18:00,1,45.0,0.0,45.0
978,M002,P004,T03,2026-05-04 22:50:00,1,35.0,0.0,35.0
979,M002,P002,T03,2026-05-13 17:29:00,1,40.0,0.0,40.0
980,M001,P002,T03,2026-05-13 05:30:00,1,40.0,0.0,40.0
981,M002,P002,T03,2026-05-14 13:50:00,1,40.0,0.0,40.0
982,M001,P005,T03,2026-05-22 05:42:00,1,30.0,0.0,30.0
983,M002,P002,T03,2026-05-19 15:07:00,1,40.0,0.0,40.0
984,M003,P001,T03,2026-05-10 14:11:00,1,50.0,0.0,50.0
985,M003,P001,T03,2026-05-16 12:20:00,1,50.0,0.0,50.0
986,M003,P001,T03,2026-05-25 18:57:00,1,50.0,0.0,50.0
987,M003,P003,T03,2026-05-13 17:18:00,1,45.0,0.0,45.0
988,M002,P005,T03,2026-05-22 09:36:00,1,30.0,0.0,30.0
989,M001,P005,T03,2026-05-19 11:05:00,1,30.0,0.0,30.0
990,M001,P005,T03,2026-05-10 04:54:00,2,30.0,0.0,60.0
991,M003,P001,T01,2026-05-18 00:45:00,1,50.0,15.0,65.0
992,M002,P004,T03,2026-05-23 07:27:00,1,35.0,0.0,35.0
993,M002,P004,T03,2026-05-14 12:24:00,1,35.0,0.0,35.0
994,M003,P003,T03,2026-05-13 06:35:00,1,45.0,0.0,45.0
995,M001,P004,T03,2026-05-05 21:08:00,1,35.0,0.0,35.0
996,M003,P001,T03,2026-05-14 15:42:00,1,50.0,0.0,50.0
997,M003,P003,T03,2026-05-23 14:57:00,1,45.0,0.0,45.0
998,M002,P002,T03,2026-05-15 17:52:00,1,40.0,0.0,40.0
999,M003,P001,T01,2026-05-16 00:36:00,1,50.0,15.0,65.0
1000,M001,P001,T03,2026-05-12 17:36:00,1,50.0,0.0,50.0
1001,M001,P004,T03,2026-05-23 18:30:00,1,35.0,0.0,35.0
1002,M001,P005,T03,2026-05-17 08:29:00,1,30.0,0.0,30.0
1003,M003,P004,T03,2026-05-24 15:40:00,1,35.0,0.0,35.0
1004,M002,P001,T03,2026-05-19 17:51:00,1,50.0,0.0,50.0
1005,M003,P003,T03,2026-05-17 15:29:00,1,45.0,0.0,45.0
1006,M001,P005,T03,2026-05-06 09:18:00,1,30.0,0.0,30.0
1007,M002,P002,T03,2026-05-19 23:50:00,1,40.0,0.0,40.0
1008,M003,P005,T03,2026-05-22 18:03:00,1,30.0,0.0,30.0
1009,M001,P001,T01,2026-05-03 09:31:00,1,50.0,15.0,65.0
1010,M003,P001,T03,2026-05-09 19:17:00,1,50.0,0.0,50.0
1011,M003,P003,T03,2026-05-05 18:47:00,1,45.0,0.0,45.0
1012,M003,P005,T03,2026-05-06 07:31:00,1,30.0,0.0,30.0
1013,M003,P001,T03,2026-05-20 02:09:00,2,50.0,0.0,100.0
1014,M002,P004,T03,2026-05-22 12:15:00,1,35.0,0.0,35.0
1015,M001,P001,T01,2026-05-12 23:53:00,1,50.0,15.0,65.0
1016,M002,P004,T03,2026-05-16 14:25:00,1,35.0,0.0,35.0
1017,M003,P003,T03,2026-05-13 17:14:00,1,45.0,0.0,45.0
1018,M003,P003,T02,2026-05-10 13:00:00,2,45.0,10.0,110.0
1019,M003,P004,T03,2026-05-04 21:02:00,2,35.0,0.0,70.0
1020,M003,P002,T03,2026-05-21 13:39:00,1,40.0,0.0,40.0
1021,M002,P001,T01,2026-05-21 03:16:00,1,50.0,15.0,65.0
1022,M001,P002,T03,2026-05-25 21:37:00,1,40.0,0.0,40.0
1023,M001,P001,T03,2026-05-18 05:20:00,1,50.0,0.0,50.0
1024,M002,P002,T03,2026-05-22 16:06:00,1,40.0,0.0,40.0
1025,M003,P001,T01,2026-05-01 06:02:00,1,50.0,15.0,65.0
1026,M001,P005,T03,2026-05-21 06:38:00,1,30.0,0.0,30.0
1027,M003,P005,T03,2026-05-13 19:08:00,1,30.0,0.0,30.0
1028,M003,P002,T03,2026-05-04 05:57:00,1,40.0,0.0,40.0
1029,M003,P001,T03,2026-05-15 02:40:00,2,50.0,0.0,100.0
1030,M003,P002,T03,2026-05-06 10:16:00,1,40.0,0.0,40.0
1031,M002,P005,T03,2026-05-02 12:21:00,1,30.0,0.0,30.0
1032,M002,P001,T03,2026-05-07 02:31:00,1,50.0,0.0,50.0
1033,M003,P005,T03,2026-05-20 13:13:00,1,30.0,0.0,30.0
1034,M001,P002,T03,2026-05-03 03:02:00,1,40.0,0.0,40.0
1035,M002,P002,T03,2026-05-16 00:57:00,2,40.0,0.0,80.0
1036,M001,P002,T03,2026-05-09 21:24:00,1,40.0,0.0,40.0
1037,M003,P001,T03,2026-05-23 00:32:00,1,50.0,0.0,50.0
1038,M001,P005,T03,2026-05-08 02:34:00,1,30.0,0.0,30.0
1039,M002,P005,T03,2026-05-19 15:07:00,1,30.0,0.0,30.0
1040,M003,P005,T03,2026-05-02 09:25:00,1,30.0,0.0,30.0
1041,M001,P003,T02,2026-05-11 17:54:00,1,45.0,10.0,55.0
1042,M003,P004,T03,2026-05-02 05:35:00,1,35.0,0.0,35.0
1043,M003,P003,T03,2026-05-04 12:57:00,1,45.0,0.0,45.0
1044,M001,P001,T01,2026-05-05 23:12:00,1,50.0,15.0,65.0
1045,M003,P003,T02,2026-05-18 12:04:00,1,45.0,10.0,55.0
1046,M001,P003,T03,2026-05-11 00:02:00,1,45.0,0.0,45.0
1047,M002,P004,T03,2026-05-17 20:42:00,1,35.0,0.0,35.0
1048,M002,P001,T01,2026-05-19 04:47:00,1,50.0,15.0,65.0
1049,M001,P002,T03,2026-05-20 00:30:00,1,40.0,0.0,40.0
1050,M003,P005,T03,2026-05-02 05:40:00,1,30.0,0.0,30.0
1051,M001,P005,T03,2026-05-19 19:10:00,1,30.0,0.0,30.0
1052,M001,P005,T03,2026-05-20 19:51:00,1,30.0,0.0,30.0
1053,M002,P005,T03,2026-05-13 23:43:00,1,30.0,0.0,30.0
1054,M003,P002,T03,2026-05-07 04:20:00,1,40.0,0.0,40.0
1055,M003,P001,T03,2026-05-05 03:17:00,1,50.0,0.0,50.0
1056,M001,P001,T01,2026-05-19 07:59:00,1,50.0,15.0,65.0
1057,M001,P001,T01,2026-05-16 05:01:00,1,50.0,15.0,65.0
1058,M002,P005,T03,2026-05-10 18:56:00,1,30.0,0.0,30.0
1059,M001,P002,T03,2026-05-07 22:08:00,1,40.0,0.0,40.0
1060,M003,P003,T02,2026-05-20 07:11:00,1,45.0,10.0,55.0
1061,M002,P001,T03,2026-05-10 02:40:00,1,50.0,0.0,50.0
1062,M002,P004,T03,2026-05-20 16:06:00,1,35.0,0.0,35.0
1063,M003,P002,T03,2026-05-25 07:29:00,1,40.0,0.0,40.0
1064,M002,P005,T03,2026-05-05 03:50:00,1,30.0,0.0,30.0
1065,M003,P001,T03,2026-05-22 05:10:00,1,50.0,0.0,50.0
1066,M003,P004,T03,2026-05-20 08:21:00,1,35.0,0.0,35.0
1067,M002,P003,T03,2026-05-18 23:03:00,1,45.0,0.0,45.0
1068,M002,P002,T03,2026-05-15 07:46:00,1,40.0,0.0,40.0
1069,M001,P001,T03,2026-05-11 21:57:00,1,50.0,0.0,50.0
1070,M002,P002,T03,2026-05-07 13:55:00,1,40.0,0.0,40.0
1071,M001,P005,T03,2026-05-14 15:03:00,1,30.0,0.0,30.0
1072,M002,P001,T03,2026-05-05 12:23:00,1,50.0,0.0,50.0
1073,M003,P001,T03,2026-05-02 10:08:00,1,50.0,0.0,50.0
1074,M003,P002,T03,2026-05-06 14:26:00,1,40.0,0.0,40.0
1075,M003,P005,T03,2026-05-21 05:50:00,1,30.0,0.0,30.0
1076,M001,P005,T03,2026-05-08 17:54:00,1,30.0,0.0,30.0
1077,M003,P002,T03,2026-05-16 06:37:00,1,40.0,0.0,40.0
1078,M002,P001,T03,2026-05-08 23:55:00,2,50.0,0.0,100.0
1079,M003,P001,T03,2026-05-19 04:58:00,2,50.0,0.0,100.0
1080,M001,P002,T03,2026-05-17 23:49:00,1,40.0,0.0,40.0
1081,M002,P002,T03,2026-05-04 22:52:00,1,40.0,0.0,40.0
1082,M002,P001,T03,2026-05-24 00:44:00,1,50.0,0.0,50.0
1083,M002,P001,T03,2026-05-16 02:01:00,1,50.0,0.0,50.0
1084,M002,P001,T01,2026-05-15 18:01:00,1,50.0,15.0,65.0
1085,M003,P001,T01,2026-05-15 11:40:00,1,50.0,15.0,65.0
1086,M001,P003,T03,2026-05-17 22:21:00,2,45.0,0.0,90.0
1087,M003,P001,T01,2026-05-07 17:36:00,1,50.0,15.0,65.0
1088,M002,P001,T03,2026-05-22 01:32:00,1,50.0,0.0,50.0
1089,M002,P002,T03,2026-05-12 01:23:00,1,40.0,0.0,40.0
1090,M001,P002,T03,2026-05-07 22:49:00,1,40.0,0.0,40.0
1091,M003,P003,T02,2026-05-24 20:30:00,1,45.0,10.0,55.0
1092,M002,P004,T03,2026-05-08 23:48:00,1,35.0,0.0,35.0
1093,M001,P002,T03,2026-05-02 13:17:00,1,40.0,0.0,40.0
1094,M002,P003,T02,2026-05-04 16:53:00,1,45.0,10.0,55.0
1095,M003,P005,T03,2026-05-12 14:39:00,1,30.0,0.0,30.0
1096,M001,P001,T03,2026-05-15 02:12:00,2,50.0,0.0,100.0
1097,M002,P002,T03,2026-05-06 02:06:00,1,40.0,0.0,40.0
1098,M001,P003,T02,2026-05-21 06:33:00,2,45.0,10.0,110.0
1099,M002,P004,T03,2026-05-14 15:22:00,1,35.0,0.0,35.0
1100,M003,P002,T03,2026-05-08 02:01:00,1,40.0,0.0,40.0
1101,M003,P002,T03,2026-05-21 18:21:00,1,40.0,0.0,40.0
1102,M002,P002,T03,2026-05-18 22:33:00,1,40.0,0.0,40.0
1103,M001,P003,T03,2026-05-09 09:10:00,1,45.0,0.0,45.0
1104,M002,P001,T01,2026-05-10 04:22:00,1,50.0,15.0,65.0
1105,M003,P004,T03,2026-05-06 09:11:00,1,35.0,0.0,35.0
1106,M002,P005,T03,2026-05-08 04:10:00,1,30.0,0.0,30.0
1107,M001,P003,T03,2026-05-12 14:16:00,1,45.0,0.0,45.0
1108,M002,P005,T03,2026-05-12 11:09:00,1,30.0,0.0,30.0
1109,M002,P001,T03,2026-05-01 03:58:00,1,50.0,0.0,50.0
1110,M003,P003,T03,2026-05-01 10:09:00,1,45.0,0.0,45.0
1111,M003,P004,T03,2026-05-10 09:30:00,2,35.0,0.0,70.0
1112,M003,P005,T03,2026-05-19 21:09:00,1,30.0,0.0,30.0
1113,M003,P001,T01,2026-05-16 03:46:00,1,50.0,15.0,65.0
1114,M002,P001,T03,2026-05-08 12:39:00,1,50.0,0.0,50.0
1115,M003,P004,T03,2026-05-08 18:33:00,1,35.0,0.0,35.0
1116,M002,P005,T03,2026-05-15 02:34:00,2,30.0,0.0,60.0
1117,M002,P004,T03,2026-05-16 12:12:00,2,35.0,0.0,70.0
1118,M001,P005,T03,2026-05-13 21:23:00,1,30.0,0.0,30.0
1119,M002,P002,T03,2026-05-10 11:00:00,1,40.0,0.0,40.0
1120,M003,P003,T02,2026-05-07 17:05:00,1,45.0,10.0,55.0
1121,M003,P003,T02,2026-05-24 09:10:00,1,45.0,10.0,55.0
1122,M001,P002,T03,2026-05-03 18:38:00,2,40.0,0.0,80.0
1123,M003,P003,T03,2026-05-03 16:21:00,1,45.0,0.0,45.0
1124,M002,P003,T02,2026-05-09 20:58:00,1,45.0,10.0,55.0
1125,M003,P001,T03,2026-05-06 04:12:00,1,50.0,0.0,50.0
1126,M002,P003,T03,2026-05-19 09:53:00,1,45.0,0.0,45.0
1127,M002,P002,T03,2026-05-09 00:09:00,1,40.0,0.0,40.0
1128,M003,P001,T03,2026-05-22 03:41:00,1,50.0,0.0,50.0
1129,M003,P003,T02,2026-05-04 07:01:00,1,45.0,10.0,55.0
1130,M002,P005,T03,2026-05-16 11:37:00,1,30.0,0.0,30.0
1131,M002,P004,T03,2026-05-04 15:44:00,1,35.0,0.0,35.0
1132,M001,P002,T03,2026-05-19 08:10:00,1,40.0,0.0,40.0
1133,M001,P001,T01,2026-05-06 04:22:00,2,50.0,15.0,130.0
1134,M002,P005,T03,2026-05-10 01:18:00,1,30.0,0.0,30.0
1135,M001,P004,T03,2026-05-25 20:11:00,1,35.0,0.0,35.0
1136,M003,P002,T03,2026-05-22 10:52:00,1,40.0,0.0,40.0
1137,M002,P005,T03,2026-05-18 11:06:00,1,30.0,0.0,30.0
1138,M003,P003,T02,2026-05-12 16:18:00,1,45.0,10.0,55.0
1139,M001,P001,T01,2026-05-17 06:09:00,1,50.0,15.0,65.0
1140,M003,P004,T03,2026-05-18 16:54:00,1,35.0,0.0,35.0
1141,M001,P001,T03,2026-05-03 13:29:00,1,50.0,0.0,50.0
1142,M003,P005,T03,2026-05-05 22:23:00,1,30.0,0.0,30.0
1143,M002,P004,T03,2026-05-23 10:11:00,1,35.0,0.0,35.0
1144,M002,P001,T03,2026-05-23 04:54:00,1,50.0,0.0,50.0
1145,M003,P001,T03,2026-05-23 02:27:00,1,50.0,0.0,50.0
1146,M001,P004,T03,2026-05-07 13:02:00,1,35.0,0.0,35.0
1147,M003,P001,T03,2026-05-04 01:30:00,1,50.0,0.0,50.0
1148,M003,P001,T01,2026-05-04 03:50:00,1,50.0,15.0,65.0
1149,M001,P004,T03,2026-05-03 11:01:00,1,35.0,0.0,35.0
1150,M001,P003,T02,2026-05-12 18:22:00,1,45.0,10.0,55.0
1151,M003,P004,T03,2026-05-04 18:04:00,1,35.0,0.0,35.0
1152,M001,P004,T03,2026-05-10 22:12:00,1,35.0,0.0,35.0
1153,M003,P004,T03,2026-05-07 23:06:00,1,35.0,0.0,35.0
1154,M002,P005,T03,2026-05-06 22:37:00,1,30.0,0.0,30.0
1155,M001,P002,T03,2026-05-14 11:24:00,1,40.0,0.0,40.0
1156,M001,P001,T01,2026-05-15 10:07:00,1,50.0,15.0,65.0
1157,M001,P003,T03,2026-05-02 17:46:00,1,45.0,0.0,45.0
1158,M003,P001,T01,2026-05-22 23:19:00,1,50.0,15.0,65.0
1159,M003,P005,T03,2026-05-03 13:12:00,2,30.0,0.0,60.0
1160,M003,P003,T03,2026-05-01 11:11:00,1,45.0,0.0,45.0
1161,M001,P003,T02,2026-05-03 21:43:00,2,45.0,10.0,110.0
1162,M001,P005,T03,2026-05-06 23:59:00,1,30.0,0.0,30.0
1163,M001,P005,T03,2026-05-13 19:54:00,1,30.0,0.0,30.0
1164,M003,P003,T02,2026-05-23 08:48:00,1,45.0,10.0,55.0
1165,M003,P005,T03,2026-05-16 12:22:00,2,30.0,0.0,60.0
1166,M003,P001,T03,2026-05-05 16:17:00,1,50.0,0.0,50.0
1167,M001,P001,T03,2026-05-01 20:08:00,1,50.0,0.0,50.0
1168,M003,P001,T01,2026-05-20 05:24:00,1,50.0,15.0,65.0
1169,M002,P001,T03,2026-05-25 02:42:00,1,50.0,0.0,50.0
1170,M002,P002,T03,2026-05-17 15:31:00,1,40.0,0.0,40.0
1171,M001,P003,T02,2026-05-25 17:01:00,1,45.0,10.0,55.0
1172,M002,P001,T03,2026-05-13 10:54:00,1,50.0,0.0,50.0
1173,M001,P003,T03,2026-05-23 09:56:00,1,45.0,0.0,45.0
1174,M002,P002,T03,2026-05-22 03:36:00,1,40.0,0.0,40.0
1175,M003,P003,T03,2026-05-18 15:30:00,1,45.0,0.0,45.0
1176,M002,P005,T03,2026-05-22 12:39:00,1,30.0,0.0,30.0
1177,M002,P001,T01,2026-05-02 00:37:00,1,50.0,15.0,65.0
1178,M001,P002,T03,2026-05-13 20:21:00,1,40.0,0.0,40.0
1179,M001,P002,T03,2026-05-22 11:03:00,1,40.0,0.0,40.0
1180,M001,P001,T03,2026-05-23 02:58:00,1,50.0,0.0,50.0
1181,M003,P003,T03,2026-05-15 10:02:00,1,45.0,0.0,45.0
1182,M002,P005,T03,2026-05-16 00:44:00,1,30.0,0.0,30.0
1183,M001,P003,T02,2026-05-19 12:20:00,1,45.0,10.0,55.0
1184,M003,P001,T03,2026-05-25 15:32:00,2,50.0,0.0,100.0
1185,M003,P004,T03,2026-05-21 06:31:00,1,35.0,0.0,35.0
1186,M002,P002,T03,2026-05-10 17:13:00,1,40.0,0.0,40.0
1187,M003,P004,T03,2026-05-24 07:39:00,1,35.0,0.0,35.0
1188,M001,P005,T03,2026-05-09 18:21:00,1,30.0,0.0,30.0
1189,M003,P002,T03,2026-05-03 06:22:00,1,40.0,0.0,40.0
1190,M002,P003,T03,2026-05-18 13:42:00,1,45.0,0.0,45.0
1191,M001,P001,T01,2026-05-18 21:48:00,1,50.0,15.0,65.0
1192,M003,P005,T03,2026-05-07 18:31:00,2,30.0,0.0,60.0
1193,M002,P004,T03,2026-05-21 08:59:00,1,35.0,0.0,35.0
1194,M003,P001,T03,2026-05-19 13:59:00,1,50.0,0.0,50.0
1195,M003,P002,T03,2026-05-24 07:09:00,1,40.0,0.0,40.0
1196,M003,P005,T03,2026-05-03 10:55:00,1,30.0,0.0,30.0
1197,M002,P004,T03,2026-05-06 09:41:00,1,35.0,0.0,35.0
1198,M001,P003,T03,2026-05-07 03:09:00,1,45.0,0.0,45.0
1199,M003,P002,T03,2026-05-21 13:27:00,1,40.0,0.0,40.0
1200,M002,P001,T01,2026-05-09 00:16:00,2,50.0,15.0,130.0
